id, code,       bunban,     title,      credit,     day_time,   prof,       num_of_std, english,    abeek,      notice,     comment,    year, semester,   dept       
﻿NULL,KOR2001,01,국어학입문,3,"월 15:00~16:15 X234 , 수 16:30~17:45",이정훈,82,,,,,2008,FAL,KOR
NULL,KOR3003,01,국어의문장구조,3,"화,목 13:30~14:45 X131",서정목,20,,,,,2008,FAL,KOR
NULL,KOR3202,01,한문II,3,"화,목 09:00~10:15 X332",정요일,13,,,,,2008,FAL,KOR
NULL,KOR3300,01,고전문학사,3,"월 10:30~11:45 X331 , 수 12:00~13:15",류정월,48,,,,,2008,FAL,KOR
NULL,KOR3306,01,시조와가사론,3,"월 15:00~16:15 X133 , 수 16:30~17:45",성호경,20,,,,,2008,FAL,KOR
NULL,KOR3307,01,고전소설론,3,"월 12:00~13:15 X429 , 금 10:30~11:45",김문희,60,,,,,2008,FAL,KOR
NULL,KOR3308,01,민속학개론,3,"수,금 13:30~14:45 X331",송효섭,27,,,,,2008,FAL,KOR
NULL,KOR3405,01,현대시텍스트읽기II,3,"화,목 10:30~11:45 X231",김승희,38,,,,,2008,FAL,KOR
NULL,KOR3406,01,현대소설텍스트읽기II,3,"수,금 13:30~14:45 X234",오윤호,49,,,,,2008,FAL,KOR
NULL,KOR3415,01,문예창작론,3,"화,목 15:00~16:15 X231",김승희,18,,,,,2008,FAL,KOR
NULL,KOR4001,01,국어학연습,3,"화,목 15:00~16:15 X227",곽충구,42,,,,,2008,FAL,KOR
NULL,KOR4300,01,고전문학연습,3,"화,목 10:30~11:45 X331",정요일,44,,,,,2008,FAL,KOR
NULL,KOR4400,01,현대문학연습,3,"화,목 12:00~13:15 X325",이상란,45,,,,,2008,FAL,KOR
NULL,HIS2002,01,현대세계의역사적이해,3,"화,목 12:00~13:15 X430",조병한,20,,,,,2008,FAL,HIS
NULL,HIS2002,02,현대세계의역사적이해,3,"화,목 12:00~13:15 X331",허구생,34,,,,,2008,FAL,HIS
NULL,HIS2003,01,한국사개론,3,"월 10:30~11:45 X434 , 수 12:00~13:15",조범환,63,,,,,2008,FAL,HIS
NULL,HIS2004,01,동아시아사개론,3,"월 13:30~14:45 X434 , 금 12:00~13:15",방향숙,80,,,,,2008,FAL,HIS
NULL,HIS3001,01,한국고대사,3,"화,목 10:30~11:45 X133",이종욱,63,,,,,2008,FAL,HIS
NULL,HIS3006,01,중국고대사,3,"월 15:00~16:15 X331 , 수 16:30~17:45",이인철,42,,,,,2008,FAL,HIS
NULL,HIS3010,01,중국현대사,3,"화,목 15:00~16:15 X229",조병한,24,,,,,2008,FAL,HIS
NULL,HIS3014,01,일본사개설,3,"월 09:00~10:15 X234 , 수 10:30~11:45",윤병남,69,,,,,2008,FAL,HIS
NULL,HIS3021,01,서양고대사,3,"화,목 16:30~17:45 X133",오흥식,64,,,,,2008,FAL,HIS
NULL,HIS3023,01,르네상스와종교개혁사,3,"화,목 10:30~11:45 X429",김영한,44,,,,,2008,FAL,HIS
NULL,HIS3030,01,영국사개설,3,"화,목 09:00~10:15 X331",박우룡,33,,,,,2008,FAL,HIS
NULL,HIS3032,01,프랑스사개설,3,"월 09:00~10:15 X331 , 수 10:30~11:45",김은영,30,,,,,2008,FAL,HIS
NULL,HIS3036,01,유럽통합의역사,3,"화,목 12:00~13:15 DB102",임상우,84,,,,,2008,FAL,HIS
NULL,HIS3038,01,미국사개설2,3,"월 10:30~11:45 X325 , 수 12:00~13:15",Donald C. Bellomy,22,O,,,영어강의,2008,FAL,HIS
NULL,HIS3043,01,한국사회경제사,3,"화,목 13:30~14:45 X331",이희진,23,,,,,2008,FAL,HIS
NULL,HIS3058,01,동서교류사,3,"화,목 09:00~10:15 X426",전용만,14,,,,,2008,FAL,HIS
NULL,HIS3060,01,동아시아의국제질서,3,"화,목 13:30~14:45 X133",김한규,54,,,,,2008,FAL,HIS
NULL,HIS3062,01,서양문화사,3,"월 10:30~11:45 X330 , 수 12:00~13:15",백인호,19,O,,,영어강의,2008,FAL,HIS
NULL,HIS3071,01,고적답사2,1,화 16:30~17:20 X331,최기영,31,,,,,2008,FAL,HIS
NULL,HIS4007,01,한국사강독3,3,"화,목 15:00~16:15 X430",최기영,12,,,,"부제: 이승만,김구,안창호와 그들의 시대",2008,FAL,HIS
NULL,HIS4012,01,서양사특강1,3,"화,목 13:30~14:45 X332",김영한,13,,,,유토피아사상,2008,FAL,HIS
NULL,PHI2001,01,철학개론,3,"월 09:00~10:15 , 수 10:30~11:45 X433",석기용,64,,,,,2008,FAL,PHI
NULL,PHI2007,01,인식론,3,"화,목 09:00~10:15 X431",김영건,39,,,,,2008,FAL,PHI
NULL,PHI2008,01,윤리학,3,"수,금 13:30~14:45 X332",정재현,23,O,,,영어강의,2008,FAL,PHI
NULL,PHI3008,01,토마스철학,3,"수,금 15:00~16:15 X431",이상섭,26,,,,,2008,FAL,PHI
NULL,PHI3011,01,독일관념론,3,"화,목 13:30~14:45 X431",강영안,35,,,,,2008,FAL,PHI
NULL,PHI3021,01,사회철학,3,"화,목 15:00~16:15 X431",서동욱,19,,,,,2008,FAL,PHI
NULL,PHI3026,01,심리철학,3,"월 15:00~16:15 X431 , 수 16:30~17:45",신상규,29,,,,,2008,FAL,PHI
NULL,PHI3033,01,"선진,한철학사",3,"화,목 10:30~11:45 X431",최진석,35,,,,,2008,FAL,PHI
NULL,PHI3035,01,"송,명,청철학사",3,"화,목 15:00~16:15 X331",최복희,31,,,,,2008,FAL,PHI
NULL,PHI4013,01,현대미국철학,3,"화,목 12:00~13:15 X333",김영건,34,,,,,2008,FAL,PHI
NULL,PHI4016,01,동양철학특강,3,"화,목 09:00~10:15 X433",유희성,20,,,,,2008,FAL,PHI
NULL,PHI4031,01,논리와논술,3,"화,목 16:30~17:45 X431",이상헌,23,,,,,2008,FAL,PHI
NULL,REL2001,01,종교의이해,3,금 15:00~17:45 D504,안신,40,,,,,2008,FAL,REL
NULL,REL3002,01,불교의이해,3,"월 09:00~10:15 D601 , 수 10:30~11:45",서명원,40,,,,,2008,FAL,REL
NULL,REL3005,01,일본종교의이해,3,"화,목 16:30~17:45 D601",최현민,18,,,,,2008,FAL,REL
NULL,REL3008,01,유교의중심사상,3,"화,목 10:30~11:45 K403",김희정,45,,,,,2008,FAL,REL
NULL,REL3012,01,그리스도교의중심사상,3,"화,목 09:00~10:15 D303A",박종구,12,,,,,2008,FAL,REL
NULL,REL3015,01,이슬람교의중심사상,3,"화,목 15:00~16:15 D201A",Neal S. Robinson,14,O,,,영어강의,2008,FAL,REL
NULL,REL3021,01,도교강독,3,"월 12:00~13:15 , 금 10:30~11:45 D601",최수빈,36,,,,,2008,FAL,REL
NULL,REL3022,01,한국종교의이해,3,"월 15:00~16:15 D201B , 수 16:30~17:45",오지섭,22,,,,,2008,FAL,REL
NULL,REL3029,01,종교심리학,3,"수,금 13:30~14:45 D601",Peter Sam,12,,,,,2008,FAL,REL
NULL,REL3038,01,종교와젠더,3,"화,목 13:30~14:45 D302",김성례,11,,,,,2008,FAL,REL
NULL,REL3042,01,종교와예술,3,목 15:00~17:50 K401,박태식,33,,,,,2008,FAL,REL
NULL,REL3043,01,수양과명상,3,"화,목 12:00~13:15 C301",최현민,52,,,,,2008,FAL,REL
NULL,ENG2003,01,언어학개론,3,"화,목 13:30~14:45 X231",조숙환,36,O,,,영어강의,2008,FAL,ENG
NULL,ENG2006,01,연극의이해,3,"화,목 12:00~13:15 X233",김태원,32,O,,,영어강의,2008,FAL,ENG
NULL,ENG2007,01,영미수필,3,"화,목 12:00~13:15 X232",신경원,13,,,,,2008,FAL,ENG
NULL,ENG2009,01,영미단편소설,3,"화,목 09:00~10:15 X329",이태동,32,,,,,2008,FAL,ENG
NULL,ENG2101,01,영문학작문,3,"화,목 09:00~10:15 X232",조은선,18,O,,,영어강의,2008,FAL,ENG
NULL,ENG2101,02,영문학작문,3,"월 13:30~14:45 X232 , 금 12:00~13:15",박미선,16,O,,,영어강의,2008,FAL,ENG
NULL,ENG2101,03,영문학작문,3,"월 10:30~11:45 X232 , 수 12:00~13:15",Julian Hall,23,O,,,영어강의,2008,FAL,ENG
NULL,ENG2101,04,영문학작문,3,"화,목 15:00~16:15 X232",김영주,18,O,,,영어강의,2008,FAL,ENG
NULL,ENG2102,01,영문창작,3,"월 12:00~13:15 X232 , 금 10:30~11:45 X232",Julian Hall,22,O,,,영어강의,2008,FAL,ENG
NULL,ENG2104,01,실용영문법,3,"화,목 12:00~13:15 X133",이홍배,65,,,,,2008,FAL,ENG
NULL,ENG2105,01,고급영문해석,3,"화,목 15:00~16:15 X133",김영석,50,,,,,2008,FAL,ENG
NULL,ENG2107,01,영작문연습,3,"화,목 16:30~17:45 X233",정태진,22,,,,,2008,FAL,ENG
NULL,ENG2109,01,영어연설연습,3,"수,금 13:30~14:45 X232",채서영,15,O,,,영어강의,2008,FAL,ENG
NULL,ENG3005,01,17세기영문학,3,"수,금 13:30~14:45 X233",안선재,27,O,,,영어강의,2008,FAL,ENG
NULL,ENG3009,01,빅토리아시대의영문학,3,"화,목 13:30~14:45 X229",박상기,25,O,,,영어강의,2008,FAL,ENG
NULL,ENG3012,01,초기및19세기미국소설,3,"수,금 15:00~16:15 X330",William N. Roszell,15,O,,,영어강의,2008,FAL,ENG
NULL,ENG3101,01,현대시,3,"월 13:30~14:45 , 금 12:00~13:15 X329",Julian Hall,19,O,,,영어강의,2008,FAL,ENG
NULL,ENG3108,01,최근미국문학,3,"월 10:30~11:45 X233 , 수 12:00~13:15",황은주,28,O,,,영어강의,2008,FAL,ENG
NULL,ENG3203,01,식민주의및탈식민주의문학,3,"수,금 09:00~10:15 X330",Julian Hall,9,O,,,영어강의,2008,FAL,ENG
NULL,ENG3207,01,영어권대중문학,3,"수,금 15:00~16:15 X234",Artem Lozynsky,42,O,,,영어강의,2008,FAL,ENG
NULL,ENG3210,01,문학과수사학,3,"화,목 13:30~14:45 X232",Artem Lozynsky,10,O,,,영어강의,2008,FAL,ENG
NULL,ENG3215,01,문예사,3,"수,금 13:30~14:45 X231",Artem Lozynsky,9,O,,,영어강의,2008,FAL,ENG
NULL,ENG3226,01,영문학의자서전전통,3,"월 15:00~16:15 X425 , 수 16:30~17:45",황은주,8,O,,,영어강의,2008,FAL,ENG
NULL,ENG3229,01,비교문학,3,"수,금 15:00~16:15 X232",안선재,19,O,,,영어강의,2008,FAL,ENG
NULL,ENG3304,01,영어음운론,3,"화,목 10:30~11:45 X131",김영석,43,,,,,2008,FAL,ENG
NULL,ENG3305,01,영어화용론,3,"월 12:00~13:15 , 금 10:30~11:45 X231",이성범,25,,,,,2008,FAL,ENG
NULL,ENG3308,01,심리언어학,3,"화,목 10:30~11:45 X229",조숙환,11,O,,,영어강의,2008,FAL,ENG
NULL,ENG3312,01,언어와사회,3,"월 12:00~13:15 , 금 10:30~11:45 X133",채서영,53,,,,,2008,FAL,ENG
NULL,AMC2014,01,번역연습,3,"월 12:00~13:15 , 금 10:30~11:45 X332",신문주,20,O,,,영어강의,2008,FAL,AMC
NULL,AMC2020,01,문화와글쓰기,3,"월 13:30~14:45 , 금 12:00~13:15 X332",신문주,22,O,,,영어강의,2008,FAL,AMC
NULL,AMC2028,01,언어와문화,3,"화,목 10:30~11:45 X232",이요안,18,O,,,영어강의,2008,FAL,AMC
NULL,AMC3031,01,문화연구입문,3,"수,금 09:00~10:15 X332",Steffen Horst Hantke,18,O,,,영어강의,2008,FAL,AMC
NULL,AMC3031,02,문화연구입문,3,"화,목 10:30~11:45 X233",부경숙,19,O,,,영어강의,2008,FAL,AMC
NULL,AMC3033,01,미국역사와문화,3,"화,목 13:30~14:45 X233",부경숙,39,O,,,영어강의,2008,FAL,AMC
NULL,AMC3070,01,문화적정체성,3,"화,목 15:00~16:15 X233",박상기,21,O,,,영어강의,2008,FAL,AMC
NULL,AMC3097,01,전자매체,3,"월 15:00~16:15 X232 , 수 16:30~17:45",Alec Leonhardt,8,O,,,영어강의,2008,FAL,AMC
NULL,AMC3098,01,미국문화특강I,3,"화,목 09:00~10:15 X133",정태진,7,O,,,"부제:film and music,영어강의",2008,FAL,AMC
NULL,AMC3099,01,미국문화특강II,3,"월 09:00~10:15 X232 , 수 10:30~11:45",Alec Leonhardt,8,O,,,"부제:The Beats,영어강의",2008,FAL,AMC
NULL,AMC4120,01,문화와정치,3,"화,목 12:00~13:15 X332",Donald C. Bellomy,9,O,,,영어강의,2008,FAL,AMC
NULL,AMC4140,01,미국영화세미나,3,"수,금 13:30~14:45 X133",Steffen Horst Hantke,31,O,,,영어강의,2008,FAL,AMC
NULL,GER3002,01,시청각독어,3,"화,목 15:00~16:15 X428",Erik-Joachim Jungk,20,,,,원어강의,2008,FAL,GER
NULL,GER3005,01,중급독어회화,3,"화,목 10:30~11:45 X428",Erik-Joachim Jungk,11,,,,원어강의,2008,FAL,GER
NULL,GER3015,01,독일의도시와언어사용,3,"화,목 13:30~14:45 X234",송완용,87,,,,,2008,FAL,GER
NULL,GER3016,01,독어학의신세계,3,"월 10:30~11:45 X428 , 수 12:00~13:15",김형민,16,,,,,2008,FAL,GER
NULL,GER3024,01,독일문학의명작감상,3,"월 13:30~14:45 X426 , 금 12:00~13:15",장순란,16,,,독일문화전공(가능),독일문화 전공대상,2008,FAL,GER
NULL,GER3024,02,독일문학의명작감상,3,"월 13:30~14:45 X428 , 금 12:00~13:15",두행숙,19,,,,타전공생,2008,FAL,GER
NULL,GER3045,01,독일문화사,3,"월 09:00~10:15 X428 , 수 10:30~11:45",이민수,13,,,,,2008,FAL,GER
NULL,GER3046,01,독일의청년문화,3,"수,금 13:30~14:45 X428",최문선,20,,,,,2008,FAL,GER
NULL,GER4007,01,독일문학과비평,3,"화,목 12:00~13:15 X428",김윤상,9,,,,,2008,FAL,GER
NULL,FRA2012,01,프랑스문학개론1,3,"화,목 13:30~14:45 X426",최현무,19,,,,,2008,FAL,FRA
NULL,FRA2016,01,프랑스문화의이해2,3,"월 15:00~16:15 X433 , 수 16:30~17:45",전종호,50,,,,,2008,FAL,FRA
NULL,FRA3020,01,시청각프랑스어1,3,"화,목 12:00~13:15 X426",Malin Franck,20,,,,원어강의,2008,FAL,FRA
NULL,FRA3022,01,시청각프랑스어3,3,"화,목 13:30~14:45 X428",Gilles Yves Castagnes,22,,,,원어강의,2008,FAL,FRA
NULL,FRA3028,01,영화를통한프랑스어연습,3,"화,목 16:30~17:45 X428",Gilles Yves Castagnes,12,,,,원어강의,2008,FAL,FRA
NULL,FRA3043,01,프랑스언어학,3,"화,목 15:00~16:15 X426",박정섭,16,,,,,2008,FAL,FRA
NULL,FRA3046,01,프랑스18세기문학,3,"월 10:30~11:45 X426 , 수 12:00~13:15",전종호,18,,,,,2008,FAL,FRA
NULL,FRA3061,01,프랑스어권의다문화,3,"월 15:00~16:15 X426 , 수 16:30~17:45",Malin Franck,9,,,,원어강의,2008,FAL,FRA
NULL,CHI2002,01,전공기초중국어2,3,"수,금 13:30~14:45 X429",류동춘,29,,,중국문화전공(가능),타전공자수강불가,2008,FAL,CHI
NULL,CHI3004,01,중국어4,3,"화,목 10:30~11:45 X427",박연화,30,,,,,2008,FAL,CHI
NULL,CHI3006,01,신문과뉴스,3,"화,목 16:30~17:45 X332",성근제,18,,,,,2008,FAL,CHI
NULL,CHI3007,01,중국어회화2,3,"월 13:30~14:45 X425 , 금 12:00~13:15",천웨이펑,22,,,,원어강의,2008,FAL,CHI
NULL,CHI3007,02,중국어회화2,3,"화,목 13:30~14:45 X425",천웨이펑,26,,,,원어강의,2008,FAL,CHI
NULL,CHI3014,01,중국고전명문산책,3,"화,목 15:00~16:15 X429",박지현,21,,,,,2008,FAL,CHI
NULL,CHI3015,01,중국의현대와문학,3,"월,금 16:30~17:45 X332",이경하,13,,,,,2008,FAL,CHI
NULL,CHI3020,01,한자와중국문화,3,"수,금 15:00~16:15 X429",류동춘,26,,,,,2008,FAL,CHI
NULL,CHI3021,01,중국인의생활문화,3,"월,금 16:30~17:45 X331",천웨이펑,22,,,,원어강의,2008,FAL,CHI
NULL,CHI3027,01,중국문화속의여성,3,"월 12:00~13:15 X434 , 금 10:30~11:45",정민경,77,,,,,2008,FAL,CHI
NULL,CHI3028,01,사서와현대인의수양,3,"화,목 10:30~11:45 D303A",김근,20,,,,,2008,FAL,CHI
NULL,CHI3029,01,무협의문화적의의:소설과영화,3,"수,금 15:00~16:15 X433",문현선,77,,,,,2008,FAL,CHI
NULL,CHI3030,01,문화연구:상징과권력,3,"화,목 13:30~14:45 D504",김근,33,,,,,2008,FAL,CHI
NULL,CHI3038,01,중국의민족정책,3,"수,금 09:00~10:15 X331",홍원선,25,,,,,2008,FAL,CHI
NULL,SOC2001,01,사회학개론,3,"월 09:00~10:15 D402 , 수 10:30~11:45",박정호,68,,,,,2008,FAL,SOC
NULL,SOC2001,02,사회학개론,3,"월,금 16:30~17:45 D502",현정임,32,,,,,2008,FAL,SOC
NULL,SOC2001,03,사회학개론,3,"월 12:00~13:15 D401A , 금 10:30~11:45",김우선,17,O,,,영어강의,2008,FAL,SOC
NULL,SOC2002,01,인류학개론,3,"화,목 10:30~11:45 D401A",조옥라,9,O,,,영어강의,2008,FAL,SOC
NULL,SOC2005,01,사회학방법론,3,"수,금 09:00~10:15 D601",선내규,2,,,,,2008,FAL,SOC
NULL,SOC2007,01,이론과사회:현대에서포스트모던이론까지,3,"월 10:30~11:45 D502 , 수 12:00~13:15",김경만,37,,,,,2008,FAL,SOC
NULL,SOC2008,01,고전사회학이론,3,"월 15:00~16:15 D502 , 수 16:30~17:45",김경만,22,,,,,2008,FAL,SOC
NULL,SOC3001,01,문화사회학,3,"수,금 13:30~14:45 D401A",김동일,15,,,,,2008,FAL,SOC
NULL,SOC3005,01,한국전통문화연구,3,"월 09:00~10:15 D401A , 수 10:30~11:45",정수진,11,,,,,2008,FAL,SOC
NULL,SOC3006,01,사회변동론,3,"화,목 12:00~13:15 D502",조혜인,35,,,,,2008,FAL,SOC
NULL,SOC3008,01,집단행동과사회운동,3,"월 13:30~14:45 , 금 12:00~13:15 D401A",현정임,9,,,,,2008,FAL,SOC
NULL,SOC3013,01,현대가족연구,3,"월 12:00~13:15 , 금 10:30~11:45 X426",강혜경,16,,,,,2008,FAL,SOC
NULL,SOC3020,01,세계화와후기산업사회,3,"수,금 15:00~16:15 D303B",지주형,28,,,,,2008,FAL,SOC
NULL,SOC3024,01,정치사회학,3,"화,목 15:00~16:15 D303B",김무경,18,,,,,2008,FAL,SOC
NULL,SOC3029,01,사회사상사,3,"화,목 13:30~14:45 D303B",김무경,15,,,,,2008,FAL,SOC
NULL,SOC3035,01,비교문화연구,3,"화,목 13:30~14:45 D401A",조옥라,14,,,,,2008,FAL,SOC
NULL,SOC3038,01,사회적행위와문화,3,"화,목 16:30~17:45 D303B",이재혁,5,O,,,영어강의,2008,FAL,SOC
NULL,SOC3047,01,한국사회사,3,"화,목 10:30~11:45 D502",조혜인,46,O,,,영어강의,2008,FAL,SOC
NULL,POL2002,01,정치학개론,3,"수,금 09:00~10:15 D301",배병인,61,,,,,2008,FAL,POL
NULL,POL2002,02,정치학개론,3,"월 13:30~14:45 DB102 , 금 12:00~13:15",한정택,129,,,,,2008,FAL,POL
NULL,POL3060,01,한국정치론,3,"수,금 13:30~14:45 DB102",손호철,138,,,,,2008,FAL,POL
NULL,POL3080,01,현대북한의정치,3,"화,목 15:00~16:15 DB102",안찬일,116,,,,,2008,FAL,POL
NULL,POL3090,01,정치과정의이해,3,"월 10:30~11:45 DB101 , 수 12:00~13:15",이갑윤,87,,,,,2008,FAL,POL
NULL,POL3109,01,현대정치사상,3,"화,목 13:30~14:45 D402",김동하,51,,,,,2008,FAL,POL
NULL,POL3111,01,정보사회의정치,3,"월 15:00~16:15 D601 , 수 16:30~17:45",조희정,30,,,,,2008,FAL,POL
NULL,POL3112,01,문화와정치,3,"화,목 10:30~11:45 D402",강정인,55,,,,,2008,FAL,POL
NULL,POL3138,01,외교정책결정론,3,"화,목 10:30~11:45 DB102",강석원,33,O,,,영어강의,2008,FAL,POL
NULL,POL3170,01,유럽정치의이해,3,"월 09:00~10:15 K404 , 수 10:30~11:45",이규영,48,,,,,2008,FAL,POL
NULL,POL3173,01,동남아정치의이해,3,"수,금 13:30~14:45 D303A",신윤환,20,O,,,영어강의,2008,FAL,POL
NULL,POL3175,01,정치인류학,3,"수,금 15:00~16:15 D303A",신윤환,14,,,,,2008,FAL,POL
NULL,POL3182,01,정치경제론,3,"월 10:30~11:45 DB102 , 수 12:00~13:15",류석진,121,,,,,2008,FAL,POL
NULL,POL3183,01,현대일본의정치경제,3,"화,목 09:00~10:15 D502",민병일,37,,,,,2008,FAL,POL
NULL,POL3187,01,일본정치특강,3,"화,목 15:00~16:15 D401A",김세걸,18,,,,,2008,FAL,POL
NULL,POL4064,01,현대한국정치의분석,3,"수,금 15:00~16:15 X426",이지호,20,,,,,2008,FAL,POL
NULL,POL4065,01,한국정치사회학,3,"월,금 16:30~17:45 D401A",김순영,19,,,,,2008,FAL,POL
NULL,POL4095,01,여론과선거,3,"월 15:00~16:15 D504 , 수 16:30~17:45",이현우,32,O,,,영어강의,2008,FAL,POL
NULL,POL4102,01,동서양정치사상특강,3,"화,목 13:30~14:45 D601",강석원,12,O,,,영어강의,2008,FAL,POL
NULL,POL4103,01,한국정치사상,3,"화,목 16:30~17:45 D401A",김석근,14,,,,,2008,FAL,POL
NULL,POL4114,01,한국현대정치사상사,3,"화,목 12:00~13:15 D303A",전재호,20,,,,,2008,FAL,POL
NULL,POL4133,01,국제정치이론,3,"수,금 09:00~10:15 D302",이근욱,23,O,,,영어강의,2008,FAL,POL
NULL,POL4147,01,국제관계특강I,3,"월,금 16:30~17:45 D303B",전혜원,14,,,,,2008,FAL,POL
NULL,POL4188,01,국가정보의이해,3,"화,목 09:00~10:15 D504",이영무,37,,,,,2008,FAL,POL
NULL,PSY2001,01,일반심리학,3,"화,목 09:00~10:15 D402",최해림,45,,,,,2008,FAL,PSY
NULL,PSY2001,02,일반심리학,3,"수,금 13:30~14:45 DB101",김민희,73,,,,,2008,FAL,PSY
NULL,PSY2001,03,일반심리학,3,"월 15:00~16:15 D302 , 수 16:30~17:45",박승민,45,,,,,2008,FAL,PSY
NULL,PSY2003,01,발달심리학,3,"월 09:00~10:15 K405 , 수 10:30~11:45",조숙자,71,,,,,2008,FAL,PSY
NULL,PSY3001,01,임상심리학,3,"화,목 13:30~14:15 D502",최해림,20,,,,,2008,FAL,PSY
NULL,PSY3003,01,인간관계이론,3,"화,목 15:00~16:15 D402",김영재,68,,,,,2008,FAL,PSY
NULL,PSY3006,01,자기표현의심리적기초,3,"수,금 13:30~14:45 K404",김은진,52,,,,,2008,FAL,PSY
NULL,PSY3006,02,자기표현의심리적기초,3,"수,금 15:00~16:15 K404",김은진,21,O,,,영어강의,2008,FAL,PSY
NULL,PSY3008,01,성격심리학,3,"월 10:30~11:45 D504 , 수 12:00~13:15",신미성,32,O,,,영어강의,2008,FAL,PSY
NULL,PSY3010,01,산업및조직심리학,3,"월 13:30~14:45 , 금 12:00~13:15 D402",신난자,57,,,,,2008,FAL,PSY
NULL,PSY3012,01,생리및생물심리학,3,"월 15:00~16:15 K212 , 수 16:30~17:45",김시현,24,,,,,2008,FAL,PSY
NULL,PSY3013,01,지각심리학,3,"화,목 12:00~13:15 K304",이창환,18,O,,,영어강의,2008,FAL,PSY
NULL,PSY3014,01,학습심리학,3,"화,목 16:30~17:45 D201A",오경기,17,,,,,2008,FAL,PSY
NULL,PSY3015,01,언어심리학,3,"화,목 10:30~11:45 X229",조숙환,9,O,,,영어강의,2008,FAL,PSY
NULL,PSY3016,01,동기및정서심리학,3,"월 13:30~14:45 K407 , 금 12:00~13:15",최해연,40,,,,,2008,FAL,PSY
NULL,PSY3018,01,학교심리,3,"화,목 16:30~17:45 GA401",강이영,19,,,,,2008,FAL,PSY
NULL,PSY4002,01,심리검사및측정,3,"월,금 16:30~17:45 D201B",최명식,18,,,,,2008,FAL,PSY
NULL,PSY4008,01,동양심리학,3,"화,목 10:30~11:45 D504",조긍호,33,,,,,2008,FAL,PSY
NULL,PSY4014,01,유아및아동심리학,3,"월 10:30~11:45 K405 , 수 12:00~13:15",조숙자,64,,,,,2008,FAL,PSY
NULL,PSY4022,01,기억심리학,3,"수,금 15:00~16:15 K405",이창환,17,,,,,2008,FAL,PSY
NULL,PSY4028,01,행동수정,3,"월 09:00~10:15 , 수 10:30~11:45 K406",김영혜,22,,,,,2008,FAL,PSY
NULL,LAW2001,01,법학개론,3,"월 13:30~14:45 , 금 12:00~13:15 D502",이은기,24,,,,사이버 강의 10%,2008,FAL,LAW
NULL,LAW2001,02,법학개론,3,"화,목 09:00~10:15 D401A",박용철,18,,,,,2008,FAL,LAW
NULL,LAW2001,03,법학개론,3,"화,목 12:00~13:15 D302",김영심,87,,,,,2008,FAL,LAW
NULL,LAW2010,01,법과현대사회,3,"월 12:00~13:15 , 금 10:30~11:45 D302",김현식,44,,,,,2008,FAL,LAW
NULL,LAW2010,02,법과현대사회,3,"화,목 09:00~10:15 D301",왕상한,58,,,,법학전공과목 기수강자 수강불허,2008,FAL,LAW
NULL,LAW2010,03,법과현대사회,3,"수,금 13:30~14:45 D302",이상수,45,,,,,2008,FAL,LAW
NULL,LAW2060,01,상법개론,3,"월 12:00~13:15 , 금 10:30~11:45 D502",신인식,41,,,,,2008,FAL,LAW
NULL,LAW2081,01,법사회학,3,"수,금 09:00~10:15 D401A",이상수,17,,,,,2008,FAL,LAW
NULL,LAW3011,01,헌법I,3,"월 15:00~16:15 DB102 , 수 16:30~17:45",임지봉,130,,,,,2008,FAL,LAW
NULL,LAW3011,02,헌법I,3,"화,목 09:00~10:15 D303B",홍성방,27,,,,,2008,FAL,LAW
NULL,LAW3015,01,헌법III,3,"화,목 12:00~13:15 D601",홍성방,23,,,,,2008,FAL,LAW
NULL,LAW3021,01,민법총칙,3,"화,목 09:00~10:15 D601",최수정,28,,,,사이버 강의 20%,2008,FAL,LAW
NULL,LAW3021,02,민법총칙,3,"월 13:30~14:45 , 금 12:00~13:15 D302",이준현,71,,,,,2008,FAL,LAW
NULL,LAW3021,03,민법총칙,3,"화,목 15:00~16:15 D302",엄동섭,50,,,,,2008,FAL,LAW
NULL,LAW3021,04,민법총칙,3,"수,금 09:00~10:15 X430",이창현,16,,,,,2008,FAL,LAW
NULL,LAW3023,01,채권법총론,3,"화,목 16:30~17:45 D201B",최수정,25,,,,사이버 강의 20%,2008,FAL,LAW
NULL,LAW3023,02,채권법총론,3,"화,목 10:30~11:45 D302",엄동섭,65,,,,,2008,FAL,LAW
NULL,LAW3025,01,가족법,3,"수,금 15:00~16:15 D302",이창현,53,,,,,2008,FAL,LAW
NULL,LAW3026,01,물권법II,3,"월,금 16:30~17:45 D302",이준현,36,,,,,2008,FAL,LAW
NULL,LAW3031,01,형법I,3,"화,목 09:00~10:15 D302",이호중,48,,,,,2008,FAL,LAW
NULL,LAW3032,01,형법II,3,"월 09:00~10:15 D303B , 수 10:30~11:45",박용철,33,,,,,2008,FAL,LAW
NULL,LAW3032,02,형법II,3,"화,목 13:30~14:45 D201A",최우찬,18,,,,,2008,FAL,LAW
NULL,LAW3033,02,형법III,3,"화,목 13:30~14:45 D303A",이호중,16,,,,,2008,FAL,LAW
NULL,LAW3051,01,행정법I,3,"월 09:00~10:15 , 수 10:30~11:45 D302",김광수,53,,,,,2008,FAL,LAW
NULL,LAW3052,01,행정법II,3,"수,금 09:00~10:15 D303B",정하중,19,,,,,2008,FAL,LAW
NULL,LAW3061,01,상법총론,3,"월 10:30~11:45 D301 , 수 12:00~13:15",이상복,53,,,,,2008,FAL,LAW
NULL,LAW3061,02,상법총론,3,"화,목 12:00~13:15 D504",장덕조,46,,,,,2008,FAL,LAW
NULL,LAW3062,01,회사법,3,"월 09:00~10:15 D303A , 수 10:30~11:45",이상복,17,,,,,2008,FAL,LAW
NULL,LAW3063,01,유가증권법,3,"화,목 15:00~16:15 D303A",윤광균,8,,,,,2008,FAL,LAW
NULL,LAW3064,01,보험법및해상법,3,"화,목 13:30~14:45 D201B",신인식,13,,,,,2008,FAL,LAW
NULL,LAW3071,01,국제법I,3,"화,목 16:30~17:45 X234",오승진,103,,,,,2008,FAL,LAW
NULL,LAW3100,01,민사소송법I,3,"수,금 13:30~14:45 D201B",김상수,18,,,,,2008,FAL,LAW
NULL,LAW3123,01,집단적노사관계법,3,"화,목 15:00~16:15 D301",김재훈,29,,,,,2008,FAL,LAW
NULL,LAW3133,01,국제경제법,3,"화,목 10:30~11:45 D301",왕상한,80,,,,,2008,FAL,LAW
NULL,LAW3144,01,시장경제와법,3,"월 10:30~11:45 D401A , 수 12:00~13:15",홍대식,16,,,,,2008,FAL,LAW
NULL,LAW3160,01,세법실무,3,"화,목 16:30~17:45 D303A",김영심,21,,,,,2008,FAL,LAW
NULL,LAW3162,01,지적소유권법,3,"수,금 15:00~16:15 D401A",박준우,18,,,,,2008,FAL,LAW
NULL,LAW4014,01,비교헌법,3,"월 10:30~11:45 D302 , 수 12:00~13:15",임지봉,36,O,,,영어강의,2008,FAL,LAW
NULL,LAW4147,01,행정구제법,3,"월,금 16:30~17:45 D303A",이은기,10,,,,사이버 강의 10%,2008,FAL,LAW
NULL,LAW4151,01,英法원강,3,"월 15:00~16:15 D401A , 수 16:30~17:45",박용철,11,O,,,영어강의,2008,FAL,LAW
NULL,LAW4164,01,브랜드경영과법,3,"월,금 16:30~17:45 D301",박준우,18,,,,,2008,FAL,LAW
NULL,LAW4185,01,행정법연습,3,"수,금 13:30~14:45 D303B",정하중,16,,,,,2008,FAL,LAW
NULL,LAW4190,01,민사소송법연습,3,"수,금 15:00~16:15 D201B",김상수,14,,,,,2008,FAL,LAW
NULL,LAW4199,01,졸업시험,3,일 00:00~00:00,김광수,49,,,,,2008,FAL,LAW
NULL,MAT1060,01,미적분학실습II,1,화 13:00~14:50 RA205,이용남,14,,,,Mathematica II,2008,FAL,MAT
NULL,MAT1060,02,미적분학실습II,1,화 15:00~16:50 RA205,이용남,18,,,,Mathematica II,2008,FAL,MAT
NULL,MAT1060,03,미적분학실습II,1,화 17:00~18:50 RA205,이용남,14,,,,Mathematica II,2008,FAL,MAT
NULL,MAT1060,04,미적분학실습II,1,월 17:00~18:50 RA601,임경수,16,,,,MATLAB II,2008,FAL,MAT
NULL,MAT1060,05,미적분학실습II,1,수 13:00~14:50 RA601,임경수,13,,,,MATLAB II,2008,FAL,MAT
NULL,MAT1060,06,미적분학실습II,1,수 17:00~18:50 RA601,임경수,10,,,,MATLAB II,2008,FAL,MAT
NULL,MAT1060,07,미적분학실습II,1,화 15:00~17:00 RA601,신창언,14,,,,,2008,FAL,MAT
NULL,MAT2010,01,집합론,3,"월 09:00~10:15 K212 , 수 10:30~11:45",김영경,59,,O,,,2008,FAL,MAT
NULL,MAT2110,01,선형대수학,3,"화,목 10:30~11:45 RA406B",이재권,57,,O,,,2008,FAL,MAT
NULL,MAT2110,02,선형대수학,3,"수,금 15:00~16:15 RA408",이영란,52,O,O,,8.10자 영어강의,2008,FAL,MAT
NULL,MAT2110,03,선형대수학,3,"수,금 09:00~10:15 K307",조성희,54,,O,,,2008,FAL,MAT
NULL,MAT2120,01,정수론,3,"화,목 10:30~11:45 RA408",김대산,74,O,O,,영어강의,2008,FAL,MAT
NULL,MAT2120,02,정수론,3,"월 13:30~14:45 , 금 12:00~13:15 K307",조성희,58,,O,,,2008,FAL,MAT
NULL,MAT2220,01,고등미적분학II,3,"월 09:00~10:15 RA408 , 수 10:30~11:45",박성호,56,,,,,2008,FAL,MAT
NULL,MAT2230,01,미분방정식,3,"화,목 12:00~13:15 RA408",신창언,50,O,,,영어강의,2008,FAL,MAT
NULL,MAT2230,02,미분방정식,3,"화,목 12:00~13:15 K209",안소영,22,,,,,2008,FAL,MAT
NULL,MAT2420,01,응용수학II,3,"화,목 09:00~10:15 K203",문준혁,43,O,O,화공생명공학전공(가능),"화공홀수학번,영어강의",2008,FAL,MAT
NULL,MAT2420,02,응용수학II,3,"화,목 10:30~11:45 K203",문준혁,96,O,O,화공생명공학전공(가능),"화공짝수학번,영어강의",2008,FAL,MAT
NULL,MAT2420,03,응용수학II,3,"월 15:00~16:15 K209 , 수 16:30~17:45",조성희,28,,O,컴퓨터공학전공(가능),컴퓨터공학전공대상,2008,FAL,MAT
NULL,MAT2420,04,응용수학II,3,"월 12:00~13:15 K307 , 금 10:30~11:45 K307",조성희,62,,O,컴퓨터공학전공(가능),컴퓨터공학전공대상,2008,FAL,MAT
NULL,MAT2420,05,응용수학II,3,"월,금 16:30~17:45 RA308",임경필,36,,O,"전자공학전공,기계공학전공(가능)","전자공학,기계공학전공자대상",2008,FAL,MAT
NULL,MAT2420,06,응용수학II,3,"수,금 09:00~10:15 RA408",이영란,67,,O,"전자공학전공,기계공학전공(가능)","전자공학,기계공학전공자대상",2008,FAL,MAT
NULL,MAT2420,07,응용수학II,3,"화,목 16:30~17:45 RA408",강유태,12,,O,"전자공학전공,기계공학전공(가능)","전자공학,기계공학전공자대상",2008,FAL,MAT
NULL,MAT2420,08,응용수학II,3,"화,목 15:00~16:15 RA408",강유태,54,,O,"전자공학전공,기계공학전공(가능)","전자공학,기계공학전공자대상",2008,FAL,MAT
NULL,MAT3020,01,통계학입문,3,"수,금 15:00~16:15 K304",임경필,71,,O,,,2008,FAL,MAT
NULL,MAT3410,01,확률론입문,3,"월 12:00~13:15 , 금 10:30~11:45 RA408",김현석,48,,,,,2008,FAL,MAT
NULL,MAT3420,01,금융수학,3,"월 15:00~16:15 RA408 , 수 16:30~17:45",조상현,40,,,,,2008,FAL,MAT
NULL,MAT4120,01,추상대수학II,3,"수,금 13:30~14:45 RA408",오영탁,21,,,,,2008,FAL,MAT
NULL,MAT4220,01,복소수함수론II,3,"월 10:30~11:45 RA408 , 수 12:00~13:15",조상현,17,,,,,2008,FAL,MAT
NULL,MAT4320,01,위상수학개론I,3,"화,목 13:30~14:45 RA406B",하구용,41,,,,,2008,FAL,MAT
NULL,MAT5110,01,고급선형대수학,3,"화,목 15:00~16:15 AS414",김대산,18,O,,,"영어강의,학석사공용과목",2008,FAL,MAT
NULL,MAT5220,01,실해석학Ⅱ,3,"화,목 12:00~13:15 R1418",박성호,12,,,,학석사공용과목,2008,FAL,MAT
NULL,MAT5320,01,위상수학개론II,3,"화,목 10:30~11:45 R1418",홍성사,13,,,,학석사공용과목,2008,FAL,MAT
NULL,PHY1001,01,일반물리I,3,"화,목 15:00~16:15 RA410",정명화,19,O,O,,영어강의,2008,FAL,PHY
NULL,PHY1002,01,일반물리II,3,"월 09:00~10:15 RA406B , 수 10:30~11:45",홍성식,42,,O,,,2008,FAL,PHY
NULL,PHY1002,02,일반물리II,3,"화,목 09:00~10:15 RA406B",박영재,54,,O,,,2008,FAL,PHY
NULL,PHY1002,03,일반물리II,3,"월 10:30~11:45 RA406B , 수 12:00~13:15",정명화,81,,O,,,2008,FAL,PHY
NULL,PHY1002,04,일반물리II,3,"화,목 10:30~11:45 RA308",김도석,77,,O,,,2008,FAL,PHY
NULL,PHY1002,05,일반물리II,3,"수,금 09:00~10:15 RA406B",이기진,23,,O,,,2008,FAL,PHY
NULL,PHY1002,06,일반물리II,3,"화,목 12:00~13:15 RA410",정명화,45,,O,,,2008,FAL,PHY
NULL,PHY1002,07,일반물리II,3,"화,목 13:30~14:45 RA308",박정혁,83,,O,,,2008,FAL,PHY
NULL,PHY1002,08,일반물리II,3,"수,금 13:30~14:45 RA406B",김칠민,43,,O,,,2008,FAL,PHY
NULL,PHY1101,01,일반물리실험I,1,금 13:00~14:50,이현철,15,,O,,승인과목으로 변경(사전수요조사미참가자는개강후수강허가로수강신청가능),2008,FAL,PHY
NULL,PHY1101,02,일반물리실험I,1,금 15:00~16:50,김현정,13,,O,,승인과목으로 변경(사전수요조사미참가자는개강후수강허가로수강신청가능),2008,FAL,PHY
NULL,PHY1102,01,일반물리실험II,1,월 13:00~14:50 R103,김도석,9,,O,,,2008,FAL,PHY
NULL,PHY1102,02,일반물리실험II,1,월 15:00~16:50 R103,이현철,13,,O,,,2008,FAL,PHY
NULL,PHY1102,03,일반물리실험II,1,월 17:00~18:50 R103,김원태,11,,O,,,2008,FAL,PHY
NULL,PHY1102,04,일반물리실험II,1,화 13:00~14:50 R103,김원태,10,,O,,,2008,FAL,PHY
NULL,PHY1102,05,일반물리실험II,1,화 15:00~16:50 R103,이기진,16,,O,,,2008,FAL,PHY
NULL,PHY1102,06,일반물리실험II,1,화 17:00~18:50 R103,김현정,15,,O,,,2008,FAL,PHY
NULL,PHY1102,07,일반물리실험II,1,수 13:00~14:50 R103,김원태,13,,O,,,2008,FAL,PHY
NULL,PHY1102,08,일반물리실험II,1,수 15:00~16:50 R103,김원태,15,,O,,,2008,FAL,PHY
NULL,PHY1102,09,일반물리실험II,1,수 17:00~18:50 R103,김원태,15,,O,,,2008,FAL,PHY
NULL,PHY1102,10,일반물리실험II,1,목 13:00~14:50 R103,김현정,9,,O,,,2008,FAL,PHY
NULL,PHY1102,11,일반물리실험II,1,목 15:00~16:50 R103,박영재,15,,O,,,2008,FAL,PHY
NULL,PHY1102,12,일반물리실험II,1,목 17:00~18:50 R103,이기진,16,,O,,,2008,FAL,PHY
NULL,PHY1102,13,일반물리실험II,1,금 13:00~14:50 R103,김원태,15,,O,,,2008,FAL,PHY
NULL,PHY1102,14,일반물리실험II,1,금 15:00~16:50 R103,김원태,12,,O,,,2008,FAL,PHY
NULL,PHY1102,15,일반물리실험II,1,월 13:00~14:50 R107,박영재,8,,O,,,2008,FAL,PHY
NULL,PHY1102,16,일반물리실험II,1,월 15:00~16:50 R107,박영재,15,,O,,,2008,FAL,PHY
NULL,PHY1102,17,일반물리실험II,1,월 17:00~18:50 R107,박영재,12,,O,,,2008,FAL,PHY
NULL,PHY1102,18,일반물리실험II,1,화 13:00~14:50 R107,박영재,10,,O,,,2008,FAL,PHY
NULL,PHY1102,19,일반물리실험II,1,화 15:00~16:50 R107,김현정,16,,O,,,2008,FAL,PHY
NULL,PHY1102,20,일반물리실험II,1,화 17:00~18:50 R107,박영재,15,,O,,,2008,FAL,PHY
NULL,PHY1102,21,일반물리실험II,1,수 13:00~14:50 R107,이현철,16,,O,,,2008,FAL,PHY
NULL,PHY1102,22,일반물리실험II,1,수 15:00~16:50 R107,김현정,16,,O,,,2008,FAL,PHY
NULL,PHY1102,23,일반물리실험II,1,수 17:00~18:50 R107,이현철,16,,O,,,2008,FAL,PHY
NULL,PHY1102,24,일반물리실험II,1,목 13:00~14:50 R107,박영재,11,,O,,,2008,FAL,PHY
NULL,PHY1102,25,일반물리실험II,1,목 15:00~16:50 R107,이현철,16,,O,,,2008,FAL,PHY
NULL,PHY1102,26,일반물리실험II,1,목 17:00~18:50 R107,이현철,14,,O,,,2008,FAL,PHY
NULL,PHY2004,01,전자기학II,3,"화,목 10:30~11:45 R404",이현철,40,O,,,영어강의,2008,FAL,PHY
NULL,PHY2006,01,수리물리학II,3,"화,목 12:00~13:15 RA406B",신현준,21,O,,,영어강의,2008,FAL,PHY
NULL,PHY2007,01,전자물리학I,2,"월 10:30~11:20 , 수 12:00~12:50 RA410",이기진,33,,,,,2008,FAL,PHY
NULL,PHY2009,01,현대물리학,3,"월 09:00~10:15 K307 , 수 10:30~11:45",정현식,50,O,,,영어강의,2008,FAL,PHY
NULL,PHY2102,01,실험물리학II,2,월 15:00~18:50 R110,이기진,12,,,,,2008,FAL,PHY
NULL,PHY2102,02,실험물리학II,2,수 15:00~18:50 R110,이기진,11,,,,,2008,FAL,PHY
NULL,PHY2102,03,실험물리학II,2,금 15:00~18:50 R110,이기진,11,,,,,2008,FAL,PHY
NULL,PHY3002,01,양자물리학II,3,"화,목 15:00~16:15 RA406B",김원태,33,,,,,2008,FAL,PHY
NULL,PHY3004,01,통계물리학,3,"화,목 13:30~14:45 RA410",김도석,35,O,,,영어강의,2008,FAL,PHY
NULL,PHY3102,01,실험물리학Ⅳ,2,월 15:00~18:50 R108,김도석,8,,,,,2008,FAL,PHY
NULL,PHY3102,02,실험물리학Ⅳ,2,수 15:00~18:50 R108,김도석,10,,,,,2008,FAL,PHY
NULL,PHY3102,03,실험물리학Ⅳ,2,금 15:00~18:50 R108,김도석,10,,,,,2008,FAL,PHY
NULL,PHY4002,01,고체물리학II,3,"화,목 09:00~10:15 RA410",이성익,6,,,,,2008,FAL,PHY
NULL,PHY4003,01,현대광학I,3,"수,금 13:30~14:45 K209",김현정,20,O,,,영어강의,2008,FAL,PHY
NULL,PHY4008,01,전산물리학II,3,목 18:00~21:50 R106,윤영운,10,,,,,2008,FAL,PHY
NULL,PHY4201,01,특수연구,3,일 00:00~00:00,,24,,,,,2008,FAL,PHY
NULL,PHY5003,01,통계역학,3,"화,목 10:30~11:45 RA406A",이범훈,10,O,,,학석사공용과목,2008,FAL,PHY
NULL,CHM1002,01,일반화학II,3,"월 09:00~10:15 RA410 , 수 10:30~11:45",신운섭,45,,,자연과학부(가능),자연과학부,2008,FAL,CHM
NULL,CHM1002,02,일반화학II,3,"월 10:30~11:45 K305 , 수 12:00~13:15",성봉준,90,,O,,공학부및기타,2008,FAL,CHM
NULL,CHM1002,03,일반화학II,3,"월 12:00~13:15 K304 , 금 10:30~11:45",이원구,61,,O,,공학부및기타,2008,FAL,CHM
NULL,CHM1002,04,일반화학II,3,"월 13:30~14:45 RA410 , 금 12:00~13:15",서원석,74,,O,,공학부및기타,2008,FAL,CHM
NULL,CHM1002,05,일반화학II,3,"화,목 09:00~10:15 K309",강영수,13,,O,,공학부및기타,2008,FAL,CHM
NULL,CHM1002,06,일반화학II,3,"화,목 13:30~14:45 K304",오한빈,69,,,자연과학부(가능),자연과학부,2008,FAL,CHM
NULL,CHM1002,07,일반화학II,3,"수,금 09:00~10:15 RA410",허남회,73,,,자연과학부(가능),자연과학부,2008,FAL,CHM
NULL,CHM1002,08,일반화학II,3,"수,금 13:30~14:45 K309",소현수,32,,,자연과학부(가능),자연과학부,2008,FAL,CHM
NULL,CHM1052,01,일반화학실험II,1,월 13:30~16:15 R114,신관우,19,,,자연과학부(가능),자연과학부,2008,FAL,CHM
NULL,CHM1052,02,일반화학실험II,1,월 13:30~16:15 R117,이덕환,17,,,자연과학부(가능),자연과학부,2008,FAL,CHM
NULL,CHM1052,03,일반화학실험II,1,월 16:30~19:15 R114,이덕환,18,,,자연과학부(가능),자연과학부,2008,FAL,CHM
NULL,CHM1052,04,일반화학실험II,1,월 16:30~19:15 R117,서원석,17,,O,자연과학부(불가),공학부및기타,2008,FAL,CHM
NULL,CHM1052,05,일반화학실험II,1,화 13:30~16:15 R114,신운섭,21,,,자연과학부(가능),자연과학부,2008,FAL,CHM
NULL,CHM1052,06,일반화학실험II,1,화 13:30~16:15 R117,허남회,22,,O,자연과학부(불가),공학부및기타,2008,FAL,CHM
NULL,CHM1052,07,일반화학실험II,1,화 16:30~19:15 R114,신운섭,17,,,자연과학부(가능),자연과학부,2008,FAL,CHM
NULL,CHM1052,08,일반화학실험II,1,화 16:30~19:15 R117,신관우,23,,O,자연과학부(불가),공학부및기타,2008,FAL,CHM
NULL,CHM1052,09,일반화학실험II,1,수 13:30~16:15 R114,허남회,19,,,자연과학부(가능),자연과학부,2008,FAL,CHM
NULL,CHM1052,10,일반화학실험II,1,수 13:30~16:15 R117,이덕환,21,,O,자연과학부(불가),공학부및기타,2008,FAL,CHM
NULL,CHM1052,11,일반화학실험II,1,목 13:30~16:15 R114,성봉준,22,,,자연과학부(가능),자연과학부,2008,FAL,CHM
NULL,CHM1052,12,일반화학실험II,1,목 13:30~16:15 R117,신운섭,21,,O,,공학부및기타,2008,FAL,CHM
NULL,CHM1052,13,일반화학실험II,1,목 16:30~19:15 R114,오한빈,22,,,자연과학부(가능),자연과학부,2008,FAL,CHM
NULL,CHM1052,14,일반화학실험II,1,목 16:30~19:15 R117,신관우,13,,O,자연과학부(불가),공학부및기타,2008,FAL,CHM
NULL,CHM1052,15,일반화학실험II,1,금 13:30~16:15 R114,신관우,14,,,자연과학부(가능),자연과학부,2008,FAL,CHM
NULL,CHM1052,16,일반화학실험II,1,금 13:30~16:15 R117,허남회,16,,O,,공학부및기타,2008,FAL,CHM
NULL,CHM1052,17,일반화학실험II,1,금 16:30~19:15 R114,오한빈,15,,O,,공학부및기타,2008,FAL,CHM
NULL,CHM1052,18,일반화학실험II,1,금 16:30~19:15 R117,소현수,17,,O,,공학부및기타,2008,FAL,CHM
NULL,CHM2102,01,기기분석,3,"화,목 10:30~11:45 RA410",신관우,47,O,,,영어강의,2008,FAL,CHM
NULL,CHM2152,01,기기분석실험,2,수 15:00~18:50 R115,신관우,17,,,,,2008,FAL,CHM
NULL,CHM2201,01,물리화학I,3,"화,목 10:30~11:45 K304",강영수,75,O,,,영어강의,2008,FAL,CHM
NULL,CHM2202,01,물리화학II,3,"수,금 13:30~14:45",오한빈,5,O,,,,2008,FAL,CHM
NULL,CHM2203,01,물리화학III,3,"수,금 13:30~14:45 K307",오한빈,24,O,,,영어강의,2008,FAL,CHM
NULL,CHM2252,01,물리화학실험II,2,월 15:00~18:50 R119,오한빈,12,,,,,2008,FAL,CHM
NULL,CHM2302,01,유기화학II,3,"화,목 09:00~10:15 R404",이덕형,92,,,,,2008,FAL,CHM
NULL,CHM2351,01,유기화학실험I,2,월 15:00~18:50 R113,이덕형,12,,,,,2008,FAL,CHM
NULL,CHM2351,02,유기화학실험I,2,화 15:00~18:50 R113,이덕형,20,,,,,2008,FAL,CHM
NULL,CHM2351,03,유기화학실험I,2,수 15:00~18:50 R113,이원구,19,,,,,2008,FAL,CHM
NULL,CHM2351,04,유기화학실험I,2,목 15:00~18:50 R113,이원구,17,,,,,2008,FAL,CHM
NULL,CHM2401,01,무기화학I,3,"수,금 09:00~10:15 K304",윤경병,69,O,,,영어강의,2008,FAL,CHM
NULL,CHM2501,01,고분자화학,3,"화,목 15:00~16:15 K304",신관우,21,O,,,영어강의,2008,FAL,CHM
NULL,CHM2601,01,생화학I,3,"월 09:00~10:15 K209 , 수 10:30~11:45",조규봉,47,O,,,영어강의,2008,FAL,CHM
NULL,CHM4052,01,연구프로젝트II,3,일 00:00~00:00,윤경병,6,,,,,2008,FAL,CHM
NULL,CHM5302,01,고급유기화학Ⅱ,3,"월 13:30~14:45 K406 , 금 12:00~13:15 K406",이원구,21,,,,학석사공용과목,2008,FAL,CHM
NULL,CHM5401,01,고급무기화학,3,"월 12:00~13:15 K107 , 금 10:30~11:45 K107",서원석,14,O,,,"영어강의,학석사공용과목",2008,FAL,CHM
NULL,BIO1102,01,일반생물학II,3,"월 12:00~13:15 K309 , 금 10:30~11:45",이정하,39,,,,,2008,FAL,BIO
NULL,BIO1102,02,일반생물학II,3,"화,목 09:00~10:15 K402",한징택,94,,,,,2008,FAL,BIO
NULL,BIO1102,03,일반생물학II,3,"화,목 12:00~13:15 K402",한징택,93,,,,,2008,FAL,BIO
NULL,BIO1102,04,일반생물학II,3,"화,목 13:30~14:45 K309",남영우,4,O,O,공학부(가능),"영어강의,공학부전용분반",2008,FAL,BIO
NULL,BIO1102,05,일반생물학II,3,"수,금 09:00~10:15 K309",김원선,13,,O,공학부(가능),공학부전용분반,2008,FAL,BIO
NULL,BIO1106,01,일반생물학실험II,1,월 13:30~16:15 R204,정광환,18,,,,,2008,FAL,BIO
NULL,BIO1106,02,일반생물학실험II,1,월 16:30~19:15 R204,정광환,17,,,,,2008,FAL,BIO
NULL,BIO1106,03,일반생물학실험II,1,화 13:30~16:15 R204,한징택,18,,,,,2008,FAL,BIO
NULL,BIO1106,04,일반생물학실험II,1,화 16:30~19:15 R204,한징택,14,,,,,2008,FAL,BIO
NULL,BIO1106,05,일반생물학실험II,1,수 13:30~16:15 R204,이갑열,18,,,,,2008,FAL,BIO
NULL,BIO1106,06,일반생물학실험II,1,수 16:30~19:15 R204,김원선,13,,,,,2008,FAL,BIO
NULL,BIO1106,07,일반생물학실험II,1,목 13:30~16:15 R204,김성룡,18,,,,,2008,FAL,BIO
NULL,BIO1106,08,일반생물학실험II,1,목 16:30~19:15 R204,이갑열,10,,,,,2008,FAL,BIO
NULL,BIO1106,09,일반생물학실험II,1,금 13:30~16:15 R204,신형두,17,,,,,2008,FAL,BIO
NULL,BIO1106,10,일반생물학실험II,1,금 16:30~19:15 R204,신형두,11,,,,,2008,FAL,BIO
NULL,BIO2122,01,현대생물학실험II,2,월 13:30~17:15 R208,이정국,19,,,,,2008,FAL,BIO
NULL,BIO2122,02,현대생물학실험II,2,화 13:30~17:15 R208,김건수,22,,,,,2008,FAL,BIO
NULL,BIO2122,03,현대생물학실험II,2,수 13:30~17:15 R208,이병하,19,,,,,2008,FAL,BIO
NULL,BIO2122,04,현대생물학실험II,2,목 13:30~17:15 R208,김정호,21,,,,,2008,FAL,BIO
NULL,BIO2122,05,현대생물학실험II,2,금 13:30~17:15 R208,주봉건,19,,,,,2008,FAL,BIO
NULL,BIO2130,01,기초생화학,3,"수,금 15:00~16:15 RA410",신성호,24,,,,,2008,FAL,BIO
NULL,BIO2132,01,생화학II,3,"월 09:00~10:15 RA308 , 수 10:30~11:45",이정국,40,,,,,2008,FAL,BIO
NULL,BIO2132,02,생화학II,3,"월 09:00~10:15 K309 , 수 10:30~11:45",남영우,28,,,,,2008,FAL,BIO
NULL,BIO2151,01,분자생물학,3,"월 10:30~11:45 K404 , 수 12:00~13:15",양재명,77,,,,,2008,FAL,BIO
NULL,BIO3123,01,현대생물학실험III,2,수 13:30~17:15 R210,김성룡,9,,,,,2008,FAL,BIO
NULL,BIO3123,02,현대생물학실험III,2,금 13:30~17:15 R210,김원선,9,,,,,2008,FAL,BIO
NULL,BIO3124,01,현대생물학실험IV,2,월 13:30~17:15 R210,양재명,7,,,,,2008,FAL,BIO
NULL,BIO3124,02,현대생물학실험IV,2,화 13:30~17:15 R210,이정하,10,,,,,2008,FAL,BIO
NULL,BIO3511,01,식물생리학,3,"화,목 09:00~10:15 RA308",김성룡,16,,,,,2008,FAL,BIO
NULL,BIO3671,01,일반생태학,3,월 16:30~19:15 RA406B,이창석,40,,,,,2008,FAL,BIO
NULL,BIO3711,01,미생물학,3,"화,목 10:30~11:45 K404",김건수,57,,,,,2008,FAL,BIO
NULL,BIO4211,01,생명공학개론,3,"월 10:30~11:45 RA308 , 수 12:00~13:15","이정국,이갑열,이병하",33,,,,,2008,FAL,BIO
NULL,BIO4441,01,분자세포생물학,3,"수,금 09:00~10:15 RA308",김정호,49,,,,,2008,FAL,BIO
NULL,BIO4911,01,최신생명과학탐색,2,"수,금 13:30~14:20 RA308","이정하,주봉건",5,O,,,영어강의,2008,FAL,BIO
NULL,BIO4921,01,특수연구,3,일 00:00~00:00,이정국,6,,,,,2008,FAL,BIO
NULL,BIO5152,01,고급분자생물학,3,"수,금 09:00~10:15 K305",주봉건,19,O,,,학석사공용과목,2008,FAL,BIO
NULL,BIO5231,01,생물리학,3,"화,목 10:30~11:45 K309",정광환,9,O,,,"영어강의,학석사공용과목",2008,FAL,BIO
NULL,BIO5252,01,생물정보학,3,"월 09:00~10:15 AS111 , 수 10:30~11:45 AS111",신형두,25,O,,,학석사공용과목,2008,FAL,BIO
NULL,BIO5351,01,면역학,3,"월 12:00~13:15 RA308 , 금 10:30~11:45 RA308",이갑열,22,O,,,"영어강의,학석사공용과목",2008,FAL,BIO
NULL,EEE2032,01,공학입문설계,2,"화,목 12:00~12:50 AS414",윤상원,31,,O,,"2008학번 학번이 1,3,5로 끝나는학생만 수강",2008,FAL,EEE
NULL,EEE2032,02,공학입문설계,2,"화,목 12:00~12:50 AS305",소재우,27,,O,,"2008학번 학번이 2,4,6으로 끝나는 학생만 수강",2008,FAL,EEE
NULL,EEE2032,03,공학입문설계,2,"화,목 12:00~12:50 K406",김경환,42,,O,,"2008학번 학번이 7,8,9,0으로 끝나는 학생만 수강",2008,FAL,EEE
NULL,EEE2032,04,공학입문설계,2,"수,금 13:30~14:20 AS414",소재우,38,,O,,2008학번 이전학번,2008,FAL,EEE
NULL,EEE2042,01,기초전자공학설계,2,"수,금 13:30~14:20 AS414",소재우,13,,O,,공학입문설계4반(EEE2032-04)과합반수업,2008,FAL,EEE
NULL,EEE2052,01,디지털논리회로실험,2,월 15:00~18:50 R708,이쾌희,25,,O,,,2008,FAL,EEE
NULL,EEE2052,02,디지털논리회로실험,2,화 15:00~18:50 R708,박래홍,22,,O,,실험강의 19:00-20:30,2008,FAL,EEE
NULL,EEE2052,03,디지털논리회로실험,2,수 15:00~18:50 R708,황선영,25,,O,,,2008,FAL,EEE
NULL,EEE2052,04,디지털논리회로실험,2,목 15:00~18:50 R708,김경환,26,,O,,,2008,FAL,EEE
NULL,EEE2052,05,디지털논리회로실험,2,금 15:00~18:50 R708,송태경,20,,O,,,2008,FAL,EEE
NULL,EEE2052,06,디지털논리회로실험,2,토 15:00~18:50 R708,김경환,27,,O,,,2008,FAL,EEE
NULL,EEE2102,01,전자장론II,3,"화,목 13:30~14:45 AS414",윤상원,32,,O,,,2008,FAL,EEE
NULL,EEE2112,01,회로이론II,3,"월 12:00~13:15 , 금 10:30~11:45 R404",지용,51,,O,,"학번이 1,3,5로 끝나는 학생만 수강",2008,FAL,EEE
NULL,EEE2112,02,회로이론II,3,"월 10:30~11:45 AS414 , 수 12:00~13:15",박형민,73,O,O,,"학번이 2,4,6으로 끝나는 학생만 수강,영어강의",2008,FAL,EEE
NULL,EEE2112,03,회로이론II,3,"수,금 09:00~10:15 AS414",이행선,52,,O,,"학번이 7,8,9,0으로 끝나는 학생만 수강",2008,FAL,EEE
NULL,EEE2120,01,물리전자공학I,3,"화,목 12:00~13:15 K405",안철,41,,O,,"학번이 1,3,5로 끝나는 학생만 수강",2008,FAL,EEE
NULL,EEE2120,02,물리전자공학I,3,"월 13:30~14:45 , 금 12:00~13:15 R404",지용,86,,O,,"학번이 2,4,6으로 끝나는 학생만 수강",2008,FAL,EEE
NULL,EEE2120,03,물리전자공학I,3,"화,목 12:00~13:15 K407",윤광석,54,O,O,,"학번이 7,8,9,0으로 끝나는 학생만 수강,영어강의",2008,FAL,EEE
NULL,EEE2129,01,기초디자인프로젝트,2,토 13:00~14:50 K304,오성찬,7,,O,,,2008,FAL,EEE
NULL,EEE2153,02,신호및시스템,3,"화,목 09:00~10:15 K405",박래홍,59,,O,,"학번이 2,4,6으로 끝나는 학생만 수강",2008,FAL,EEE
NULL,EEE2153,03,신호및시스템,3,"화,목 10:30~11:45 K405",박래홍,74,,O,,"학번이 7,8,9,0으로끝나는학생만수강",2008,FAL,EEE
NULL,EEE2153,04,신호및시스템,3,"화,목 09:00~10:15 K406",김영록,35,O,O,,"영어강의,학번이 1,3,5로 끝나는 학생만 수강",2008,FAL,EEE
NULL,EEE3132,01,전자회로II,3,"수,금 13:30~14:45 R404",이승훈,94,,O,,홀수학번만 수강,2008,FAL,EEE
NULL,EEE3132,02,전자회로II,3,"월 13:30~14:45 AS412 , 금 12:00~13:15",안길초,32,O,O,,"짝수학번만 수강,영어강의",2008,FAL,EEE
NULL,EEE3142,01,디지털제어,3,"화,목 10:30~11:45 AS305",이쾌희,16,,O,,,2008,FAL,EEE
NULL,EEE3146,01,반도체공학I,3,"월 10:30~11:45 K406 , 수 12:00~13:15",최우영,43,O,O,,영어강의,2008,FAL,EEE
NULL,EEE3149,01,디지털통신,3,"월 09:00~10:15 K402 , 수 10:30~11:45",소재우,89,O,O,,영어강의,2008,FAL,EEE
NULL,EEE3163,01,고급디지털회로설계,3,"화,목 12:00~13:15 R404",송태경,96,,O,,,2008,FAL,EEE
NULL,EEE3178,01,컴퓨터아키텍쳐,3,"월 12:00~13:15 , 금 10:30~11:45 AS414",황선영,88,,O,,,2008,FAL,EEE
NULL,EEE3182,01,고급전자회로실험,2,월 15:00~18:50 R712,지용,21,,O,,,2008,FAL,EEE
NULL,EEE3182,02,고급전자회로실험,2,화 15:00~18:50 R712,윤상원,27,,O,,,2008,FAL,EEE
NULL,EEE3182,03,고급전자회로실험,2,수 15:00~18:50 R712,이행선,25,,O,,실험강의 19:00-20:30,2008,FAL,EEE
NULL,EEE3182,04,고급전자회로실험,2,목 15:00~18:50 R712,범진욱,28,,O,,,2008,FAL,EEE
NULL,EEE3182,05,고급전자회로실험,2,금 15:00~18:50 R712,이행선,21,,O,,,2008,FAL,EEE
NULL,EEE3182,06,고급전자회로실험,2,토 15:00~18:50 R712,김영록,27,,O,,,2008,FAL,EEE
NULL,EEE4145,01,RFIC공학,3,"월 12:00~13:15 , 금 10:30~11:45 AS305",범진욱,14,,O,,,2008,FAL,EEE
NULL,EEE4168,01,마이크로프로세서시스템설계,3,"화,목 13:30~14:45 K404",김경환,16,,O,,,2008,FAL,EEE
NULL,EEE4169,01,VLSI시스템설계,3,"화,목 10:30~11:45 K406",김영록,35,,O,,,2008,FAL,EEE
NULL,EEE4174,01,기초초고주파회로해석,3,"수,금 09:00~10:15 AS305",장익수,6,,O,,,2008,FAL,EEE
NULL,EEE4176,01,디지털신호처리응용,3,"화,목 09:00~10:15 K307",송태경,25,,O,,,2008,FAL,EEE
NULL,EEE4185,01,디자인프로젝트(종합설계),3,토 09:00~11:45 K304,이행선,34,,O,,,2008,FAL,EEE
NULL,EEE4199,01,특수연구,3,일 00:00~00:00,이승훈,14,,,,,2008,FAL,EEE
NULL,EEE5281,01,TI DSP를이용한디지털신호처리응용,3,"수,금 16:30~17:45 R714",손학렬,13,,,,학석사공용과목,2008,FAL,EEE
NULL,CSE2003,01,기초공학설계,3,"월 09:00~10:15 AS303 , 수 10:30~11:45",장형수,39,,O,,,2008,FAL,CSE
NULL,CSE2003,02,기초공학설계,3,"월 15:00~16:15 AS301 , 수 16:30~17:45",정성원,48,,O,,,2008,FAL,CSE
NULL,CSE2003,03,기초공학설계,3,"화,목 16:30~17:45 AS412",김승욱,8,O,O,,,2008,FAL,CSE
NULL,CSE2004,01,공학설계입문,3,"월 09:00~10:15 AS303 , 수 10:30~11:45",장형수,3,,,,CSE2003-01과 합반(컴퓨터공학 홈페이지 참고),2008,FAL,CSE
NULL,CSE3006,01,이산구조,3,"월 13:30~14:45 AS301 , 금 12:00~13:15",김세준,47,O,O,,영어강의,2008,FAL,CSE
NULL,CSE3013,02,컴퓨터공학설계및실험I,3,화 15:00~20:50 R914,장형수,12,,O,,,2008,FAL,CSE
NULL,CSE3015,01,디지탈회로개론,3,"수,금 13:30~14:45 AS510",이장수,97,,O,,,2008,FAL,CSE
NULL,CSE3016,01,컴퓨터공학실험II,3,월 15:00~20:50 AS714,오경환,19,,O,,,2008,FAL,CSE
NULL,CSE3016,02,컴퓨터공학실험II,3,화 15:00~20:50 AS714,낭종호,12,,O,,,2008,FAL,CSE
NULL,CSE3016,03,컴퓨터공학실험II,3,수 15:00~20:50 AS714,김승욱,18,,O,,,2008,FAL,CSE
NULL,CSE3016,04,컴퓨터공학실험II,3,목 15:00~20:50 AS714,김주호,18,,O,,,2008,FAL,CSE
NULL,CSE3040,01,JAVA언어,3,"월 09:00~10:15 AS412 , 수 10:30~11:45",김주호,38,O,O,,영어강의,2008,FAL,CSE
NULL,CSE3080,01,자료구조,3,"월 12:00~13:15 AS301 , 금 10:30~11:45",김세준,23,O,O,,영어강의,2008,FAL,CSE
NULL,CSE3081,01,알고리즘설계와분석,3,"화,목 09:00~10:15 AS412",임종석,37,,O,,컴퓨터공학전공짝수학번,2008,FAL,CSE
NULL,CSE3081,02,알고리즘설계와분석,3,"월 13:30~14:45 , 금 12:00~13:15 AS303",임인성,47,,O,,컴퓨터공학전공홀수학번,2008,FAL,CSE
NULL,CSE4011,01,임베디드컴퓨터구조,3,"월 10:30~11:45 AS412 , 수 12:00~13:15",김주호,28,O,O,,영어강의,2008,FAL,CSE
NULL,CSE4060,01,데이터통신개론,3,"화,목 16:30~17:45 AS301",최명환,63,O,O,,영어강의,2008,FAL,CSE
NULL,CSE4070,01,운영체제,3,"화,목 13:30~14:45 AS301",박성용,56,,O,컴퓨터공학전공(가능),컴퓨터공학전공자대상,2008,FAL,CSE
NULL,CSE4070,02,운영체제,3,"수 18:00~19:15 , 목 15:00~16:15 AS412",이지선,30,,O,,비전공자대상,2008,FAL,CSE
NULL,CSE4085,01,자동장치이론,3,"화,목 09:00~10:15 AS305",장직현,25,,O,,,2008,FAL,CSE
NULL,CSE4095,01,파일처리,3,"월 10:30~11:45 AS305 , 수 12:00~13:15",박석,33,,O,,,2008,FAL,CSE
NULL,CSE4140,01,수치컴퓨팅및응용,3,"월 12:00~13:15 , 금 10:30~11:45 AS311",임인성,15,,O,,,2008,FAL,CSE
NULL,CSE4152,01,고급소프트웨어실습I,3,월 15:00~20:50 R912,임인성,10,,O,,,2008,FAL,CSE
NULL,CSE4152,02,고급소프트웨어실습I,3,화 15:00~20:50 R912,장직현,9,,O,,,2008,FAL,CSE
NULL,CSE4152,03,고급소프트웨어실습I,3,수 15:00~20:50 R912,임종석,9,,O,,,2008,FAL,CSE
NULL,CSE4177,01,인터넷프로그래밍및응용,3,"화,목 10:30~11:45 AS311",낭종호,15,,O,,4학년만 수강,2008,FAL,CSE
NULL,CSE4178,01,기초SOC설계,3,"화,목 12:00~13:15 AS311",임종석,14,,O,,,2008,FAL,CSE
NULL,CSE4182,01,설계패턴,3,"화,목 15:00~16:15 AS305",박수용,12,,O,,,2008,FAL,CSE
NULL,CSE4185,01,기초인공지능,3,"수,금 13:30~14:45 AS305",오경환,28,,O,,,2008,FAL,CSE
NULL,CSE4185,02,기초인공지능,3,"수,금 15:00~16:15 AS305",오경환,20,,O,,,2008,FAL,CSE
NULL,CSE4187,01,종합설계,3,"월 15:00~16:15 AS412 , 수 16:30~17:45",김지환,10,,O,,졸업학기만수강,2008,FAL,CSE
NULL,CSE4188,01,암호학기초,3,"화,목 13:30~14:45 AS305",장직현,9,,O,,,2008,FAL,CSE
NULL,CSE4199,01,졸업프로젝트,3,일 00:00~00:00,박수용,10,,O,,,2008,FAL,CSE
NULL,CBE2002,01,창의설계,3,목 18:00~20:50 K307,박형상,65,,O,,,2008,FAL,CBE
NULL,CBE2002,02,창의설계,3,목 18:00~20:50 K404,최정우,53,,O,,,2008,FAL,CBE
NULL,CBE2006,01,응용생물학,3,"월 15:00~16:15 K203 , 수 16:30~17:45",최정우,105,,O,,,2008,FAL,CBE
NULL,CBE2006,02,응용생물학,3,"월 15:00~16:15 AS414 , 수 16:30~17:45",안정희,99,,O,,,2008,FAL,CBE
NULL,CBE2007,01,응용생화학,3,"화,목 13:30~14:45 R404",이진원,128,O,O,,,2008,FAL,CBE
NULL,CBE2007,02,응용생화학,3,"화,목 15:00~16:15 R404",이진원,86,O,O,,,2008,FAL,CBE
NULL,CBE2008,01,화공생명공학기초실험I,3,월 15:00~20:50 R403,오병근,18,,,,,2008,FAL,CBE
NULL,CBE2008,02,화공생명공학기초실험I,3,화 15:00~20:50 R403,임종성,29,,,,,2008,FAL,CBE
NULL,CBE2008,03,화공생명공학기초실험I,3,수 15:00~20:50 R403,이재욱,10,,,,,2008,FAL,CBE
NULL,CBE2008,04,화공생명공학기초실험I,3,금 15:00~20:50 R403,김대진,23,,,,,2008,FAL,CBE
NULL,CBE3001,01,화공열역학,3,"수,금 13:30~14:45 K203",임종성,109,,O,,,2008,FAL,CBE
NULL,CBE3001,02,화공열역학,3,"수,금 15:00~16:15 K203",임종성,70,,O,,,2008,FAL,CBE
NULL,CBE3005,01,열및물질전달,3,"월 09:00~10:15 K304 , 수 10:30~11:45",강태욱,42,,O,,,2008,FAL,CBE
NULL,CBE3005,02,열및물질전달,3,"월 10:30~11:45 K403 , 수 12:00~13:15",강태욱,106,,O,,,2008,FAL,CBE
NULL,CBE3006,01,공정제어,3,"수,금 13:30~14:45 K402",최진훈,105,O,O,,영어강의,2008,FAL,CBE
NULL,CBE3006,02,공정제어,3,"수,금 15:00~16:15 K309",최진훈,23,O,O,,영어강의,2008,FAL,CBE
NULL,CBE3010,01,양자화학,3,"화,목 09:00~10:15 K304",박흥목,27,,O,,,2008,FAL,CBE
NULL,CBE3014,01,유전공학,3,"월 13:30~14:45 , 금 12:00~13:15 K402",오병근,77,,O,,,2008,FAL,CBE
NULL,CBE3016,01,화공생명공학요소실험II,3,월 15:00~20:50 R405,박형상,26,,O,,,2008,FAL,CBE
NULL,CBE3016,02,화공생명공학요소실험II,3,화 15:00~20:50 R405,이진원,21,,O,,,2008,FAL,CBE
NULL,CBE3016,03,화공생명공학요소실험II,3,수 15:00~20:50 R405,강태욱,14,,O,,,2008,FAL,CBE
NULL,CBE3016,04,화공생명공학요소실험II,3,금 15:00~20:50 R405,원왕연,13,,O,,,2008,FAL,CBE
NULL,CBE4001,01,화공생명공학심화설계,3,"월 16:30~17:45 R417 , 수 18:00~19:15",강태욱,5,O,O,,,2008,FAL,CBE
NULL,CBE4001,02,화공생명공학심화설계,3,"화,목 15:00~16:15 K405",문준혁,34,O,O,,,2008,FAL,CBE
NULL,CBE4005,01,촉매공학,3,"화,목 10:30~11:45 K305",박형상,32,,O,,,2008,FAL,CBE
NULL,CBE4016,01,석유화학공학,3,"화,목 16:30~17:45 K307",이희우,47,,O,,,2008,FAL,CBE
NULL,CBE4017,01,화공생명공학공정실험,3,월 15:00~20:50 R407,문준혁,11,,O,,,2008,FAL,CBE
NULL,CBE4017,03,화공생명공학공정실험,3,수 15:00~20:50 R407,박흥목,11,,O,,,2008,FAL,CBE
NULL,CBE4017,04,화공생명공학공정실험,3,금 15:00~20:50 R407,김진우,14,,O,,,2008,FAL,CBE
NULL,MEE2008,01,공학설계개론,3,"화,목 10:30~11:45 AS414",김동철,91,O,O,,영어강의,2008,FAL,MEE
NULL,MEE2012,01,유체역학,3,"월 09:00~10:15 AS301 , 수 10:30~11:45",허남건,36,,O,,홀수학번수강,2008,FAL,MEE
NULL,MEE2012,02,유체역학,3,"화,목 13:30~14:45 AS412",원찬식,28,,O,,짝수학번수강,2008,FAL,MEE
NULL,MEE2013,01,동역학,3,"월 10:30~11:45 AS303 , 수 12:00~13:15",이승엽,55,,O,,,2008,FAL,MEE
NULL,MEE2014,01,디자인과재료,3,"화,목 09:00~10:15 AS301",최범규,58,,O,,,2008,FAL,MEE
NULL,MEE2025,01,모형설계제작,3,화 15:00~20:50,이철수,4,,O,,공작실,2008,FAL,MEE
NULL,MEE2025,02,모형설계제작,3,목 15:00~20:50,김태형,17,,O,,공작실,2008,FAL,MEE
NULL,MEE2026,01,2DCAD,3,월 13:30~19:15 AS612,이철수,19,,O,,기계제도실,2008,FAL,MEE
NULL,MEE2026,02,2DCAD,3,수 13:30~19:15 AS612,이철수,20,,O,,기계제도실,2008,FAL,MEE
NULL,MEE3002,01,열역학II,3,"화,목 09:00~10:15 AS303",정시영,20,,O,,,2008,FAL,MEE
NULL,MEE3005,01,공학수치해석,3,"화,목 12:00~13:15 AS412",손기헌,38,O,O,,7.16자 영어강의,2008,FAL,MEE
NULL,MEE3011,01,부품설계,3,"화,목 10:30~11:45 AS301",이태수,32,,O,,,2008,FAL,MEE
NULL,MEE3012,01,내연기관,3,"수,금 13:30~14:45 K405",김대중,55,O,O,,영어강의,2008,FAL,MEE
NULL,MEE3015,01,창의적공학설계I,3,"수,금 09:00~10:15 AS301",이형일,33,,O,,,2008,FAL,MEE
NULL,MEE3022,01,응용유체역학,3,"월 10:30~11:45 AS301 , 수 12:00~13:15",허남건,33,,O,,,2008,FAL,MEE
NULL,MEE3024,01,성형공정설계,3,"월 09:00~10:15 AS311 , 수 10:30~11:45",김낙수,6,,O,,,2008,FAL,MEE
NULL,MEE3025,01,기계공학실험I,3,월 15:00~20:50 AS401,정시영,19,,O,,,2008,FAL,MEE
NULL,MEE3025,02,기계공학실험I,3,화 15:00~20:50 AS407,이승엽,23,,O,,,2008,FAL,MEE
NULL,MEE3025,03,기계공학실험I,3,수 15:00~20:50 AS405,허남건,17,,O,,,2008,FAL,MEE
NULL,MEE3025,04,기계공학실험I,3,금 15:00~20:50 AS413,이제윤,20,,O,,,2008,FAL,MEE
NULL,MEE4003,01,디지털제어시스템,3,"화,목 16:30~17:45 RA308",박정열,26,O,O,,영어강의,2008,FAL,MEE
NULL,MEE4016,01,바이오모방공학개론,3,"월 15:00~16:15 K405 , 수 16:30~17:45",이승엽,15,,O,,,2008,FAL,MEE
NULL,MEE4024,01,계측및신호처리,3,"화,목 13:30~14:45 AS303",최범규,13,,O,,,2008,FAL,MEE
NULL,MEE4025,01,자동차공학,3,"수,금 15:00~16:15 AS412",정현용,12,O,O,,영어강의,2008,FAL,MEE
NULL,MEE4046,01,특수연구,3,일 00:00~00:00,,4,,O,,,2008,FAL,MEE
NULL,MEE4047,01,기계공학세미나,1,금 16:30~17:20 R404,손기헌,31,,O,,,2008,FAL,MEE
NULL,ECO4009,01,파생상품시장,3,"월 13:30~14:45 , 금 12:00~13:15 K301",사공용,169,,,,경제학전공자(다전공포함)이외 학생 수강금지,2008,FAL,ECO
NULL,ECO4010,01,국제금융시장,3,"화,목 12:00~13:15 K404",박정수,38,O,,,영어강의,2008,FAL,ECO
NULL,ECO4010,02,국제금융시장,3,"화,목 10:30~11:45 K401",박정수,128,,,,,2008,FAL,ECO
NULL,ECO4012,01,비용편익분석,3,"수,금 15:00~16:15 K305",곽태원,53,,,,,2008,FAL,ECO
NULL,ECO4014,01,한국경제론,3,"화,목 09:00~10:15 K401",김광두,147,,,,,2008,FAL,ECO
NULL,ECO4016,01,일본경제의이해,3,"수,금 13:30~14:45 K304",김복웅,15,,,,,2008,FAL,ECO
NULL,ECO4018,01,경제학특강1,3,수 15:00~17:50 K301,김경환,182,,,,,2008,FAL,ECO
NULL,ECO4021,01,경제학특강4,3,"월 15:00~16:15 K307 , 수 16:30~17:45",남재현,18,O,,,"부제:통신과IT산업,영어강의",2008,FAL,ECO
NULL,ECO4024,01,기업현장실습,3,"화,목 16:30~17:45",송의영,44,,,,3-4학년전용.수강신청후경제학과에서40명선정,2008,FAL,ECO
NULL,ECO5010,01,고급미시경제학Ⅰ,3,"월 09:00~10:15 K104 , 수 10:30~11:45 K104",이강오,41,O,,,학석사공용과목,2008,FAL,ECO
NULL,ECO5021,01,고급거시경제이론 I,3,"월 10:30~11:45 K104 , 수 12:00~13:15 K104",남주하,5,O,,,학석사공용과목,2008,FAL,ECO
NULL,ECO5030,01,고급계량경제학Ⅰ,3,"월 12:00~13:15 K106 , 금 13:30~14:45 K106",이영훈,22,,,,학석사공용과목,2008,FAL,ECO
NULL,MGT2001,01,현대기업과기업윤리,3,"월 15:00~16:15 MA101 , 수 16:30~17:45",김양민,18,,,경영학부(가능),,2008,FAL,MGT
NULL,MGT2001,02,현대기업과기업윤리,3,"월 09:00~10:15 MA104 , 수 10:30~11:45",정무관,79,,,"경영학부,스포츠경영 연계전공(가능)",,2008,FAL,MGT
NULL,MGT2001,03,현대기업과기업윤리,3,금 15:00~17:45 MA106,장광호,74,,,"경영학부,스포츠경영 연계전공(가능)",,2008,FAL,MGT
NULL,MGT2002,01,경영통계학,3,"화,목 13:30~14:45 MA104",민재형,112,,,경영학부(가능),,2008,FAL,MGT
NULL,MGT2002,02,경영통계학,3,"수,금 13:30~14:45 MA308",이군희,61,O,,"경영학부,스포츠경영 연계전공(가능)",,2008,FAL,MGT
NULL,MGT2002,03,경영통계학,3,"월 12:00~13:15 MA208 , 금 10:30~11:45",조성빈,79,O,,"경영학부,스포츠경영 연계전공(가능)",,2008,FAL,MGT
NULL,MGT2002,04,경영통계학,3,"화,목 16:30~17:45 MA208",김명석,68,O,,"경영학부,스포츠경영 연계전공(가능)",,2008,FAL,MGT
NULL,MGT2002,05,경영통계학,3,"월 09:00~10:15 MA308 , 수 10:30~11:45",정철우,69,,,"경영학부,스포츠경영 연계전공(가능)",,2008,FAL,MGT
NULL,MGT2002,06,경영통계학,3,"월 15:00~16:15 MA201 , 수 16:30~17:45",강맹수,25,,,"경영학부,스포츠경영 연계전공(가능)",,2008,FAL,MGT
NULL,MGT2003,01,회계학원론,3,"월 10:30~11:45 MA204 , 수 12:00~13:15",최순재,80,,,경영학부(가능),,2008,FAL,MGT
NULL,MGT2003,02,회계학원론,3,"월 15:00~16:15 MA204 , 수 16:30~17:45",양준선,45,O,,"경영학부,경제학부,스포츠경영 연계전공(가능)",,2008,FAL,MGT
NULL,MGT2003,03,회계학원론,3,"수,금 09:00~10:15",이남주,66,,,"경영학부,경제학부,스포츠경영 연계전공(가능)",,2008,FAL,MGT
NULL,MGT2003,04,회계학원론,3,"수,금 09:00~10:15 MA103",송민섭,12,O,,"경영학부,경제학부,스포츠경영 연계전공(가능)",,2008,FAL,MGT
NULL,MGT2003,05,회계학원론,3,"화,목 13:30~14:45 MA308",전성빈,73,,,"경영학부,경제학부,스포츠경영 연계전공(가능)",,2008,FAL,MGT
NULL,MGT2003,06,회계학원론,3,"화,목 12:00~13:15",이남주,68,,,"경영학부,경제학부,스포츠경영 연계전공(가능)",,2008,FAL,MGT
NULL,MGT2003,07,회계학원론,3,"화,목 10:30~11:45 MA206",이대선,61,O,,"경영학부,경제학부,스포츠경영 연계전공(가능)",,2008,FAL,MGT
NULL,MGT3001,01,조직행동이론,3,"수,금 13:30~14:45 MA103",이동섭,20,O,,"경영학부,스포츠경영 연계전공(가능)",,2008,FAL,MGT
NULL,MGT3001,02,조직행동이론,3,"화,목 10:30~11:45 MA202",이인석,79,,,"경영학부,스포츠경영 연계전공(가능)",,2008,FAL,MGT
NULL,MGT3001,03,조직행동이론,3,"수,금 15:00~16:15 MA103",이동섭,21,O,,경영학부(가능),,2008,FAL,MGT
NULL,MGT3002,01,경영정보시스템,3,"화,목 15:00~16:15 MA206",이재범,68,,,"경영학부,스포츠경영 연계전공(가능)",,2008,FAL,MGT
NULL,MGT3002,02,경영정보시스템,3,"화,목 16:30~17:45 MA206",이재범,37,,,"경영학부,스포츠경영 연계전공(가능)",,2008,FAL,MGT
NULL,MGT3002,03,경영정보시스템,3,"월 13:30~14:45 MA202 , 금 12:00~13:15",남기찬,79,,,경영학부(가능),,2008,FAL,MGT
NULL,MGT3002,04,경영정보시스템,3,"월 12:00~13:15 , 금 10:30~11:45 MA206",배재권,65,,,"경영학부,스포츠경영 연계전공(가능)",,2008,FAL,MGT
NULL,MGT3002,05,경영정보시스템,3,"화,목 09:00~10:15 MA204",변현수,67,,,"경영학부,스포츠경영 연계전공(가능)",,2008,FAL,MGT
NULL,MGT3003,01,생산관리론,3,"월 10:30~11:45 MA308 , 수 12:00~13:15",김길선,69,O,,경영학부(가능),,2008,FAL,MGT
NULL,MGT3003,02,생산관리론,3,"월 12:00~13:15 , 금 10:30~11:45 MA201",하병천,62,O,,"경영학부,스포츠경영 연계전공(가능)",,2008,FAL,MGT
NULL,MGT3003,03,생산관리론,3,"화,목 15:00~16:15 MA202",노부호,98,,,"경영학부,스포츠경영 연계전공(가능)",,2008,FAL,MGT
NULL,MGT3003,04,생산관리론,3,"화,목 09:00~10:15 MA308",유시정,65,,,"경영학부,스포츠경영 연계전공(가능)",,2008,FAL,MGT
NULL,MGT3003,05,생산관리론,3,"수,금 15:00~16:15 MA308",이상현,56,,,"경영학부,스포츠경영 연계전공(가능)",,2008,FAL,MGT
NULL,MGT3004,01,재무관리,3,"화,목 13:30~14:45 MA106",국찬표,62,,,경영학부(가능),,2008,FAL,MGT
NULL,MGT3004,02,재무관리,3,"화,목 15:00~16:15 MA106",국찬표,66,,,"경영학부,스포츠경영 연계전공(가능)",,2008,FAL,MGT
NULL,MGT3004,03,재무관리,3,"월 09:00~10:15 MA206 , 수 10:30~11:45",박영석,68,,,"경영학부,스포츠경영 연계전공(가능)",,2008,FAL,MGT
NULL,MGT3004,04,재무관리,3,"수,금 15:00~16:15 MA208",홍광헌,45,O,,"경영학부,스포츠경영 연계전공(가능)",,2008,FAL,MGT
NULL,MGT3004,06,재무관리,3,"월 10:30~11:45 MA206 , 수 12:00~13:15",김도성,54,O,,"경영학부,스포츠경영 연계전공(가능)",,2008,FAL,MGT
NULL,MGT3004,07,재무관리,3,"화,목 12:00~13:15 MA204",고혁진,67,,,"경영학부,스포츠경영 연계전공(가능)",,2008,FAL,MGT
NULL,MGT3005,01,관리회계,3,"월 09:00~10:15 , 수 10:30~11:45",이남주,67,,,"경영학부,스포츠경영 연계전공(가능)",,2008,FAL,MGT
NULL,MGT3005,02,관리회계,3,"수,금 13:30~14:45 MA201",양준선,15,O,,경영학부(가능),,2008,FAL,MGT
NULL,MGT3005,04,관리회계,3,"수,금 09:00~10:15 MA206",김유찬,64,,,"경영학부,스포츠경영 연계전공(가능)",,2008,FAL,MGT
NULL,MGT3005,05,관리회계,3,"화,목 09:00~10:15 MA104",손성진,64,,,"경영학부,스포츠경영 연계전공(가능)",,2008,FAL,MGT
NULL,MGT3005,06,관리회계,3,"화,목 09:00~10:15 MA103",설인식,15,O,,"경영학부,스포츠경영 연계전공(가능)",,2008,FAL,MGT
NULL,MGT3006,01,마케팅원론,3,"화,목 15:00~16:15 MA208",하영원,58,,,경영학부(가능),,2008,FAL,MGT
NULL,MGT3006,02,마케팅원론,3,"화,목 13:30~14:45 MA203",임채운,49,,,"경영학부,스포츠경영 연계전공(가능)",,2008,FAL,MGT
NULL,MGT3006,03,마케팅원론,3,"월 10:30~11:45 MA208 , 수 12:00~13:15",정재학,46,O,,"경영학부,스포츠경영 연계전공(가능)",,2008,FAL,MGT
NULL,MGT3006,04,마케팅원론,3,"월 09:00~10:15 MA103 , 수 10:30~11:45",정재학,12,O,,"경영학부,스포츠경영 연계전공(가능)",,2008,FAL,MGT
NULL,MGT3006,05,마케팅원론,3,"월 12:00~13:15 , 금 10:30~11:45 MA204",박세훈,65,,,"경영학부,스포츠경영 연계전공(가능)",,2008,FAL,MGT
NULL,MGT3006,06,마케팅원론,3,"월 15:00~16:15 MA103 , 수 16:30~17:45",김주영,9,O,,"경영학부,스포츠경영 연계전공(가능)",,2008,FAL,MGT
NULL,MGT3006,07,마케팅원론,3,"화,목 09:00~10:15 MA208",전성률,72,,,경영학부(가능),,2008,FAL,MGT
NULL,MGT3006,08,마케팅원론,3,"월 13:30~14:45 MA103 , 금 12:00~13:15",박경도,20,O,,"경영학부,스포츠경영 연계전공(가능)",,2008,FAL,MGT
NULL,MGT3007,01,국제경영론,3,"월 09:00~10:15 MA201 , 수 10:30~11:45",이철,32,,,경영학부(가능),,2008,FAL,MGT
NULL,MGT3007,02,국제경영론,3,"월,금 16:30~17:45 MA103",이강표,34,O,,"경영학부,스포츠경영 연계전공(가능)",,2008,FAL,MGT
NULL,MGT3007,03,국제경영론,3,"수,금 15:00~16:15 MA202",이건희,59,,,"경영학부,스포츠경영 연계전공(가능)",,2008,FAL,MGT
NULL,MGT4102,01,경영전략,3,"월 10:30~11:45 MA101 , 수 12:00~13:15",김양민,42,O,,"경영학부,스포츠경영 연계전공(가능)",,2008,FAL,MGT
NULL,MGT4104,01,리더쉽이론,3,"수,금 09:00~10:15 MA106",정수연,47,,,"경영학부,스포츠경영 연계전공(가능)",,2008,FAL,MGT
NULL,MGT4106,01,인적자원관리,3,"월,금 16:30~17:45 MA101",조봉순,21,O,,"경영학부,스포츠경영 연계전공(가능)",,2008,FAL,MGT
NULL,MGT4106,02,인적자원관리,3,"월 09:00~10:15 MA208 , 수 10:30~11:45",이인석,54,,,"경영학부,스포츠경영 연계전공(가능)",,2008,FAL,MGT
NULL,MGT4106,03,인적자원관리,3,"화,목 10:30~11:45 MA208",박경규,81,,,경영학부(가능),,2008,FAL,MGT
NULL,MGT4106,04,인적자원관리,3,"수,금 13:30~14:45 MA204",양동훈,65,,,"경영학부,스포츠경영 연계전공(가능)",,2008,FAL,MGT
NULL,MGT4106,05,인적자원관리,3,"수,금 15:00~16:15 MA204",양동훈,55,,,"경영학부,스포츠경영 연계전공(가능)",,2008,FAL,MGT
NULL,MGT4106,06,인적자원관리,3,"수,금 09:00~10:15 MA208",황재원,62,,,"경영학부,스포츠경영 연계전공(가능)",,2008,FAL,MGT
NULL,MGT4202,01,통계자료분석,3,"월 15:00~16:15 MA203 , 수 16:30~17:45",김명석,21,O,,"경영학부,스포츠경영 연계전공(가능)",(구 목표관리론의 대체과목),2008,FAL,MGT
NULL,MGT4203,01,경영과학,3,"화,목 10:30~11:45 MA204",민재형,63,,,"경영학부,스포츠경영 연계전공(가능)",,2008,FAL,MGT
NULL,MGT4203,02,경영과학,3,"월 13:30~14:45 MA208 , 금 12:00~13:15",조성빈,77,O,,"경영학부,스포츠경영 연계전공(가능)",,2008,FAL,MGT
NULL,MGT4221,01,경영과정보기술,3,"화,목 10:30~11:45 MA302",배재권,46,,,"경영학부,스포츠경영 연계전공(가능)",,2008,FAL,MGT
NULL,MGT4221,02,경영과정보기술,3,"화,목 12:00~13:15 MA302",배재권,46,,,경영학부(가능),,2008,FAL,MGT
NULL,MGT4221,03,경영과정보기술,3,"월 12:00~13:15 , 금 10:30~11:45 MA302",변현수,47,,,경영학부(가능),,2008,FAL,MGT
NULL,MGT4221,04,경영과정보기술,3,"월 13:30~14:45 , 금 12:00~13:15 MA302",변현수,46,,,"경영학부,스포츠경영 연계전공(가능)",,2008,FAL,MGT
NULL,MGT4221,06,경영과정보기술,3,"월 15:00~16:15 MA302 , 수 16:30~17:45",최성욱,52,,,"경영학부,스포츠경영 연계전공(가능)",,2008,FAL,MGT
NULL,MGT4226,01,고객행위분석과서비스모델링,3,"월 13:30~14:45 , 금 12:00~13:15 MA206",김진화,79,O,,"경영학부,스포츠경영 연계전공(가능)",,2008,FAL,MGT
NULL,MGT4227,01,지식경영과서비스혁신,3,"화,목 12:00~13:15 MA308",김용진,28,O,,"경영학부,스포츠경영 연계전공(가능)",,2008,FAL,MGT
NULL,MGT4245,01,정보화시대의기업경영과혁신,3,"화,목 13:30~14:45 MA201",노부호,24,,,"경영학부,스포츠경영 연계전공(가능)",,2008,FAL,MGT
NULL,MGT4249,01,종합물류론,3,"월 13:30~14:45 , 금 12:00~13:15 MA201",하병천,9,O,,"경영학부,스포츠경영 연계전공(가능)",,2008,FAL,MGT
NULL,MGT4301,01,투자론,3,"월 10:30~11:45 MA202 , 수 12:00~13:15",고혁진,65,,,"경영학부,스포츠경영 연계전공(가능)",,2008,FAL,MGT
NULL,MGT4301,02,투자론,3,"수,금 13:30~14:45 MA208",홍광헌,69,O,,"경영학부,스포츠경영 연계전공(가능)",,2008,FAL,MGT
NULL,MGT4303,01,선물옵션투자론,3,"화,목 15:00~16:15 MA308",원재환,53,,,"경영학부,스포츠경영 연계전공(가능)",,2008,FAL,MGT
NULL,MGT4306,01,금융리스크관리,3,월 15:00~17:45 MA106,한철우,28,,,"경영학부,스포츠경영 연계전공(가능)",(구 계량재무분석의 대체과목),2008,FAL,MGT
NULL,MGT4307,01,금융기관론,3,"월,금 16:30~17:45 MA201",이상호,18,O,,"경영학부,스포츠경영 연계전공(가능)",,2008,FAL,MGT
NULL,MGT4309,01,고급재무이론,3,"화,목 09:00~10:15 MA201",이정진,41,,,"경영학부,스포츠경영 연계전공(가능)",,2008,FAL,MGT
NULL,MGT4331,01,보험학원론,3,"화,목 10:30~11:45 MA102",최정호,55,,,"경영학부,스포츠경영 연계전공(가능)",,2008,FAL,MGT
NULL,MGT4332,01,기업리스크관리,3,"화,목 15:00~16:15 MA102",최정호,35,,,"경영학부,스포츠경영 연계전공(가능)",,2008,FAL,MGT
NULL,MGT4401,01,중급회계1,3,"화,목 09:00~10:15 MA206",이대선,21,O,,"경영학부,스포츠경영 연계전공(가능)",,2008,FAL,MGT
NULL,MGT4401,02,중급회계1,3,"화,목 10:30~11:45 MA308",전성빈,104,,,"경영학부,스포츠경영 연계전공(가능)",,2008,FAL,MGT
NULL,MGT4402,01,중급회계2,3,"월 15:00~16:15 , 수 16:30~17:45 MA202",최순재,82,,,"경영학부,스포츠경영 연계전공(가능)",,2008,FAL,MGT
NULL,MGT4404,01,원가회계,3,"화,목 10:30~11:45 MA106",황국재,78,,,"경영학부,스포츠경영 연계전공(가능)",,2008,FAL,MGT
NULL,MGT4406,01,세무회계,3,"수,금 09:00~10:15 MA204",오문성,67,,,"경영학부,스포츠경영 연계전공(가능)",,2008,FAL,MGT
NULL,MGT4501,01,마케팅전략,3,"월 09:00~10:15 MA302 , 수 10:30~11:45",김주영,23,,,"경영학부,스포츠경영 연계전공(가능)",,2008,FAL,MGT
NULL,MGT4503,01,시장조사론,3,"월 13:30~14:45 , 금 12:00~13:15 MA203",박세훈,19,,,"경영학부,스포츠경영 연계전공(가능)",,2008,FAL,MGT
NULL,MGT4506,01,촉진전략론,3,"화,목 12:00~13:15 MA208",전성률,69,,,"경영학부,스포츠경영 연계전공(가능)",,2008,FAL,MGT
NULL,MGT4507,01,유통전략론,3,"화,목 15:00~16:15 MA203",임채운,18,,,"경영학부,스포츠경영 연계전공(가능)",,2008,FAL,MGT
NULL,MGT4510,01,국제마케팅론,3,"월 10:30~11:45 MA201 , 수 12:00~13:15",이철,23,,,"경영학부,스포츠경영 연계전공(가능)",,2008,FAL,MGT
NULL,MGT4601,01,기업과국제환경,3,"화,목 13:30~14:45 MA204",이장호,52,,,"경영학부,스포츠경영 연계전공(가능)",,2008,FAL,MGT
NULL,MGT4601,02,기업과국제환경,3,"화,목 15:00~16:15 MA204",강호상,66,,,"경영학부,스포츠경영 연계전공(가능)",,2008,FAL,MGT
NULL,MGT4601,03,기업과국제환경,3,"화,목 10:30~11:45 MA104",전준수,113,,,"경영학부,스포츠경영 연계전공(가능)",,2008,FAL,MGT
NULL,MGT4601,04,기업과국제환경,3,"수,금 15:00~16:15 MA206",조용현,69,,,"경영학부,스포츠경영 연계전공(가능)",,2008,FAL,MGT
NULL,MGT4605,01,무역실무,3,"수,금 13:30~14:45 MA206",이건희,73,,,"경영학부,스포츠경영 연계전공(가능)",,2008,FAL,MGT
NULL,MGT4609,01,외환론,3,"화,목 13:30~14:45 MA102",강호상,135,,,"경영학부,스포츠경영 연계전공(가능)",,2008,FAL,MGT
NULL,MGT4701,01,영어비즈니스커뮤니케이션,3,"수,금 13:30~14:45 MA202",김이권,57,O,,"경영학부,스포츠경영 연계전공(가능)",,2008,FAL,MGT
NULL,MGT4704,01,CEO경영특강,2,화 16:30~18:20 MA102,최정호,159,,,"경영학부,스포츠경영 연계전공(가능)",,2008,FAL,MGT
NULL,MGT4704,02,CEO경영특강,2,목 16:30~18:20 MA102,최순재,139,,,"경영학부,스포츠경영 연계전공(가능)",,2008,FAL,MGT
NULL,COM2001,01,커뮤니케이션학입문,3,"화,목 16:30~17:45 GA404",김학수,25,,,"커뮤니케이션학부,미디어공학 연계전공(가능)",신문방송학 제1전공자 대상,2008,FAL,COM
NULL,COM2001,02,커뮤니케이션학입문,3,"월 10:30~11:45 MA106 , 수 12:00~13:15",조맹기,89,,,"커뮤니케이션학부,미디어공학 연계전공(가능)",,2008,FAL,COM
NULL,COM2002,01,인간커뮤니케이션,3,"화,목 09:00~10:15 GA403",나은영,83,,,"커뮤니케이션학부,미디어공학 연계전공(가능)",,2008,FAL,COM
NULL,COM2003,01,매스커뮤니케이션,3,"화,목 10:30~11:45 GA403",이수영,89,,,"커뮤니케이션학부,미디어공학 연계전공(가능)",,2008,FAL,COM
NULL,COM2004,01,커뮤니케이션조사론,3,"화,목 12:00~13:15 GA403",하효숙,59,,,"커뮤니케이션학부,미디어공학 연계전공(가능)",,2008,FAL,COM
NULL,COM2004,02,커뮤니케이션조사론,3,"월 09:00~10:15 GA404 , 수 10:30~11:45",박종구,16,,,"커뮤니케이션학부,미디어공학 연계전공(가능)",,2008,FAL,COM
NULL,COM3101,01,저널리즘개론,3,"월 10:30~11:45 GA401 , 수 12:00~13:15",김균,67,,,"커뮤니케이션학부,미디어공학 연계전공(가능)",,2008,FAL,COM
NULL,COM3102,01,방송원론,3,"수,금 13:30~14:45 GA401",원용진,69,,,"커뮤니케이션학부,미디어공학 연계전공(가능)",,2008,FAL,COM
NULL,COM3103,01,스피치커뮤니케이션,3,"화,목 15:00~16:15 GA401",원용진,34,,,"커뮤니케이션학부,미디어공학 연계전공(가능)","3,4학년수강",2008,FAL,COM
NULL,COM3122,01,온라인저널리즘,3,금 15:00~17:45 GA401,오연호,33,,,"커뮤니케이션학부,미디어공학 연계전공(가능)",,2008,FAL,COM
NULL,COM3125,01,신문제작실습,3,금 15:00~17:45 GA505,박명훈,8,,,"커뮤니케이션학부,미디어공학 연계전공(가능)",승인과목(GA209호문의),2008,FAL,COM
NULL,COM3126,01,방송진행과보도실습,3,목 09:00~11:45,길종섭,13,,,"커뮤니케이션학부,미디어공학 연계전공(가능)",승인과목(GA209호문의),2008,FAL,COM
NULL,COM3127,01,방송편성론및분석,3,월 15:00~17:45 GA401,장윤택,33,,,"커뮤니케이션학부,미디어공학 연계전공(가능)",,2008,FAL,COM
NULL,COM3128,01,라디오제작,3,수 15:00~17:45 GA401,김성호,15,,,"커뮤니케이션학부,미디어공학 연계전공(가능)",승인과목(GA209호문의),2008,FAL,COM
NULL,COM3129,01,매스컴연구,3,월 10:30~13:15 GA402,Alec Leonhardt,8,O,,,"8.26자 추가개설, 부제:Journalist in Film, 영어강의",2008,FAL,COM
NULL,COM3130,01,정보사회론,3,"월 13:30~14:45 GA404 , 금 12:00~13:15",김명준,15,,,"커뮤니케이션학부,미디어공학 연계전공(가능)",,2008,FAL,COM
NULL,COM3131,01,언론정보인턴십,3,금 09:00~11:45 GA505,박경만,6,,,"커뮤니케이션학부,미디어공학 연계전공(가능)",승인과목(GA209호문의),2008,FAL,COM
NULL,COM3132,01,졸업논문,3,일 00:00~00:00,나은영,3,,,커뮤니케이션학부(가능),,2008,FAL,COM
NULL,COM3201,01,광고학개론,3,"화,목 13:30~14:45 GA403",윤각,79,,,"커뮤니케이션학부,미디어공학 연계전공(가능)",,2008,FAL,COM
NULL,COM3202,01,PR학개론,3,"수,금 09:00~10:15 GA402",조성은,21,,,"커뮤니케이션학부,미디어공학 연계전공(가능)",,2008,FAL,COM
NULL,COM3210,01,광고카피와제작,3,화 15:00~17:45 GA402,양웅,19,,,"커뮤니케이션학부,미디어공학 연계전공(가능)",,2008,FAL,COM
NULL,COM3212,01,광고캠페인실습,3,"월 15:00~16:15 GA402 , 수 16:30~17:45",윤각,15,,,"커뮤니케이션학부,미디어공학 연계전공(가능)",,2008,FAL,COM
NULL,COM3214,01,PR작문,3,목 15:00~17:45 GA402,최홍림,14,,,"커뮤니케이션학부,미디어공학 연계전공(가능)",,2008,FAL,COM
NULL,COM3218,01,정책홍보론,3,금 15:00~17:45 GA404,조성은,12,,,"커뮤니케이션학부,미디어공학 연계전공(가능)",,2008,FAL,COM
NULL,COM3303,01,세계연극사,3,"화,목 13:30~14:45 GA401",김용수,37,,,"커뮤니케이션학부,미디어공학 연계전공(가능)",,2008,FAL,COM
NULL,COM3304,01,세계영화사,3,수 15:00~17:45 K202,류재형,93,,,"커뮤니케이션학부,미디어공학 연계전공(가능)",,2008,FAL,COM
NULL,COM3305,01,작품분석과해석,3,"화,목 10:30~11:45 GA401",김용수,83,,,"커뮤니케이션학부,미디어공학 연계전공(가능)",,2008,FAL,COM
NULL,COM3309,01,영상문화의이해,3,"화,목 12:00~13:15 GA401",황인성,41,,,"커뮤니케이션학부,미디어공학 연계전공(가능)",,2008,FAL,COM
NULL,COM3312,01,장면연출,3,화 13:30~16:15 GA404,황재헌,23,,,"커뮤니케이션학부,미디어공학 연계전공(가능)",,2008,FAL,COM
NULL,COM3316,01,대본창작의워크샵,3,월 13:30~16:15 GA505,배병호,15,,,"커뮤니케이션학부,미디어공학 연계전공(가능)",승인과목(GA209호문의),2008,FAL,COM
NULL,COM3320,01,공연산업론,3,목 13:30~16:15 GA404,송애경,14,,,"커뮤니케이션학부,미디어공학 연계전공(가능)",,2008,FAL,COM
NULL,COM3401,01,디지털미디어개론,3,"화,목 15:00~16:15 GA403",이수영,33,,,"커뮤니케이션학부,미디어공학 연계전공(가능)",,2008,FAL,COM
NULL,COM3402,01,디지털미디어테크놀로지개론,3,월 15:00~17:45 GA403,김영주,55,,,"커뮤니케이션학부,미디어공학 연계전공(가능)",,2008,FAL,COM
NULL,COM3406,01,창조산업론,3,"월 09:00~10:15 GA402 , 수 10:30~11:45",장용호,31,,,"커뮤니케이션학부,미디어공학 연계전공(가능)",,2008,FAL,COM
NULL,COM3408,01,디지털미디어복잡계,3,"월 10:30~11:45 GA404 , 수 12:00~13:15",장용호,26,,,"커뮤니케이션학부,미디어공학 연계전공(가능)",,2008,FAL,COM
NULL,COM3420,01,영상콘텐츠기획ㆍ제작,3,금 09:00~11:45 GA404,이윤선,17,,,"커뮤니케이션학부,미디어공학 연계전공(가능)",승인과목(GA209호문의),2008,FAL,COM
NULL,GES2001,01,현대사회와여성,2,월 15:00~16:50 X432,오화영,17,,,,,2008,FAL,GES
NULL,GES2002,01,여성학개론,3,"월 12:00~13:15 D201A , 금 10:30~11:45",변혜정,26,,,,,2008,FAL,GES
NULL,GES3002,01,여성과일,3,수 15:00~17:45 X432,박홍주,16,,,,,2008,FAL,GES
NULL,GES3008,01,종교와성이데올로기,3,"화,목 13:30~14:45 D302",김성례,10,,,,,2008,FAL,GES
NULL,GES3012,01,여성과대중문화,3,"월 10:30~11:45 D402 , 수 12:00~13:15",장은미,47,,,,,2008,FAL,GES
NULL,GES3019,01,성'과사랑,3,"화,목 16:30~17:45 DB101",정유성,81,,,,,2008,FAL,GES
NULL,GES3020,01,성평등글쓰기,3,"화,목 15:00~16:15 X332",최현무,22,,,,,2008,FAL,GES
NULL,PRT2005,01,구약성서개론,3,"수,금 13:30~14:45 X430",서동수,14,,,,,2008,FAL,PRT
NULL,PRT4003,01,종교신학,3,"화,목 13:30~14:45 X432",박현준,19,,,,,2008,FAL,PRT
NULL,MDE2005,01,미디어기술의이해,3,화 15:00~17:45 AS109,정재원,17,,,,,2008,FAL,MDE
NULL,MDE2011,01,영상커뮤니케이션개론,3,금 15:00~17:45 GA402,정근원,10,,,,,2008,FAL,MDE
NULL,SPM3001,01,운동처방,2,수 09:00~10:50 K407,한종우,23,,,,,2008,FAL,SPM
NULL,SPM3003,01,스포츠시설관리론,2,금 15:00~16:50 K407,최종상,17,,,,,2008,FAL,SPM
NULL,SPM3004,01,스포츠이벤트기획,2,월 10:30~12:20 K407,오자왕,22,,,,,2008,FAL,SPM
NULL,SPM3005,01,레크레이션의이론과실제,2,금 09:00~10:50 K407,조명숙,21,,,,,2008,FAL,SPM
NULL,SPM3006,01,스포츠경영특강,2,화 15:00~16:50 K303,신영락,18,,,,,2008,FAL,SPM
NULL,SPM3007,01,스포츠사회학,2,수 12:00~13:50 K407,이재희,22,,,,,2008,FAL,SPM
NULL,SPM3008,01,스포츠와매스컴,2,화 12:00~13:50 K203,신문선,37,,,,,2008,FAL,SPM
NULL,SPM3009,01,스포츠마케팅,2,목 09:00~10:50 K407,김재현,35,,,,,2008,FAL,SPM
NULL,SPM3101,01,스쿠바다이빙,2,수 10:30~13:15,김경렬,49,,,,,2008,FAL,SPM
NULL,SPM3103,01,패러글라이딩,2,화 10:30~13:15,김경렬,36,,,,,2008,FAL,SPM
NULL,SPM3105,01,필드골프II,2,"월 15:00~16:15 , 수 16:30~17:45",최희남,26,,,,,2008,FAL,SPM
NULL,SPM3106,01,체력트레이닝,2,"월,금 16:30~17:45",소위영,34,,,,,2008,FAL,SPM
NULL,SPM3110,01,라켓볼,1,월 15:00~16:50,최대혁,27,O,,,영어강의,2008,FAL,SPM
NULL,SPM3111,01,참선,1,화 09:00~10:50,박성호,21,,,,,2008,FAL,SPM
NULL,SPM3113,01,스포츠댄스I,1,목 09:00~10:50,이도웅,30,,,,,2008,FAL,SPM
NULL,SPM3114,01,스포츠댄스II,1,월 09:00~10:50,노수연,31,,,,,2008,FAL,SPM
NULL,SPM3115,01,등반및등산,1,월 10:30~12:20,홍석원,31,,,,,2008,FAL,SPM
NULL,SPM3116,01,태권도,1,화 10:30~12:20,빙원철,16,,,,,2008,FAL,SPM
NULL,JPN2001,01,중급일본어I,3,"화,목 10:30~11:45 X520",송현아,36,,,,,2008,FAL,JPN
NULL,JPN2003,01,미디어일본어,3,"월 09:00~10:15 X432 , 수 10:30~11:45",고혜정,17,,,,,2008,FAL,JPN
NULL,JPN2004,01,일본어회화,3,"화,목 15:00~16:15 K209",사모토마리,19,,,,원어강의,2008,FAL,JPN
NULL,JPN2005,01,일본어작문,3,"화,목 13:30~14:45 X430",혼다 도모쿠니,15,,,,,2008,FAL,JPN
NULL,JPN2006,01,실무일본어,3,"월 10:30~11:45 D201B , 수 12:00~13:15",신혜경,8,,,,원어강의,2008,FAL,JPN
NULL,JPN2007,01,시사일본어,3,"수,금 09:00~10:15 D201B",오상현,12,,,,,2008,FAL,JPN
NULL,JPN2008,01,일본문학의이해,3,"화,목 12:00~13:15 X520",송현아,33,,,,,2008,FAL,JPN
NULL,JPN2009,02,일본문화의이해,3,"월 09:00~10:15 D504 , 수 10:30~11:45",조문희,49,,,,,2008,FAL,JPN
NULL,JPN2012,01,영화를통한일본이해,3,"월 15:00~16:15 D402 , 수 16:30~17:45",신혜경,36,,,,,2008,FAL,JPN
NULL,JPN2013,01,일본문화특강I,3,"화,목 15:00~16:15 X427",혼다 도모쿠니,17,,,,,2008,FAL,JPN
NULL,JPN3002,01,일본의법과문화,3,"수,금 15:00~16:15 X427",김현주,11,,,,,2008,FAL,JPN
NULL,EDU3031,01,컴퓨터교과교재연구및지도법,2,목 16:30~18:20 X429,김태현,2,,,,,2008,FAL,EDU
NULL,EDU3032,01,공통과학교과교재연구및지도법,2,수 16:30~18:20 X332,곽성일,4,,,,,2008,FAL,EDU
NULL,EDU3033,01,교육사회,2,월 16:30~18:20 X333,오성배,32,,,,,2008,FAL,EDU
NULL,EDU3034,01,교육실습,2,일 00:00~00:00,양미경,8,,,,,2008,FAL,EDU
NULL,EDU3035,01,교육봉사실습,2,일 00:00~00:00,양미경,8,,,,,2008,FAL,EDU
NULL,EDU3037,01,생활지도및상담,2,목 13:30~15:20 GA505,박승민,3,,,,,2008,FAL,EDU
NULL,BNT3002,01,바이오융합기술프로젝트II,3,"목 15:00~17:45 K402 , 토 09:00~10:50",조규봉,19,,,,,2008,FAL,BNT
NULL,BNT3004,01,바이오융합산업기술,3,"월,금 16:30~17:45 K212",조규봉,19,,,,,2008,FAL,BNT
NULL,BNT3007,01,유전정보공학,3,"월 13:30~14:45 K402 , 금 12:00~13:15",오병근,27,,,,,2008,FAL,BNT
NULL,BNT3009,01,바이오모방공학개론,3,"월 15:00~16:15 K405 , 수 16:30~17:45",이승엽,26,,,,,2008,FAL,BNT
NULL,BNT3092,01,특수연구II,3,일 00:00~00:00,신운섭,23,,,,,2008,FAL,BNT
NULL,BNT5002,01,나노기술,3,"수,금 15:00~16:15 K206",Babajanyan Arsen,5,O,,,"영어강의,학석사공용과목",2008,FAL,BNT
NULL,BNT5031,01,지식재산권과특허,3,화 15:00~17:45 K203,양부현,61,,,,학석사공용과목,2008,FAL,BNT
NULL,BNT5041,01,나노기술을위한기기분석,3,"수,금 13:30~14:45 K105",정종석,18,,,,학석사공용과목,2008,FAL,BNT
NULL,CHS2001,01,한국문화와역사,3,"월 09:00~10:15 K501 , 수 10:30~11:45",이장우,85,,,,,2008,FAL,LIB
NULL,CHS2001,02,한국문화와역사,3,"화,목 13:30~14:45 K501",최희정,91,,,,,2008,FAL,LIB
NULL,CHS2002,01,현대한국의형성,3,"수,금 13:30~14:45 K501",김혜정,130,,,,,2008,FAL,LIB
NULL,CHS2002,02,현대한국의형성,3,"화,목 16:30~17:45 K301",서진교,31,,,,,2008,FAL,LIB
NULL,CHS2002,03,현대한국의형성,3,"수,금 09:00~10:15 K301",김혜정,109,,,,,2008,FAL,LIB
NULL,CHS2003,01,현대동아시아의형성,3,"월 12:00~13:15 , 금 10:30~11:45 K203",이철호,112,,,,,2008,FAL,LIB
NULL,CHS2003,02,현대동아시아의형성,3,"수,금 09:00~10:15 X429",허지은,23,,,,,2008,FAL,LIB
NULL,CHS2004,01,현대서양의형성,3,"월 15:00~16:15 K402 , 수 16:30~17:45",박지현,75,,,,,2008,FAL,LIB
NULL,CHS2004,02,현대서양의형성,3,"수,금 15:00~16:15 K303",최성철,107,,,,,2008,FAL,LIB
NULL,CHS2005,01,과학사,3,"화,목 12:00~13:15 K202",박권수,147,,O,,,2008,FAL,LIB
NULL,CHS2005,02,과학사,3,"화,목 10:30~11:45 K202",박권수,139,,O,,,2008,FAL,LIB
NULL,CHU4002,01,인물로본한국사,3,"수,금 13:30~14:45 K302",이숙경,52,,,,,2008,FAL,LIB
NULL,CHU4004,01,중국문명의역사,3,"화,목 09:00~10:15 X425",정면,31,,,,,2008,FAL,LIB
NULL,CHU4005,01,인물로본중국사,3,"수,금 09:00~10:15 X434",홍승현,56,,,,,2008,FAL,LIB
NULL,CHU4010,01,성의역사,3,"화,목 09:00~10:15 X434",박현숙,61,,,,,2008,FAL,LIB
NULL,CHU4011,01,영화로본역사,3,"월 10:30~11:45 X433 , 수 12:00~13:15",이종훈,70,,,,,2008,FAL,LIB
NULL,COR1002,02,계열별글쓰기,2,"화,목 09:00~09:50 X225",이민호,29,,,"문학부,사회과학부,커뮤니케이션학부,법학부(가능)",,2008,FAL,LIB
NULL,COR1002,03,계열별글쓰기,2,"월 10:30~11:20 X225 , 수 12:00~12:50",김남미,31,,,"문학부,사회과학부,커뮤니케이션학부,법학부(가능)",,2008,FAL,LIB
NULL,COR1002,04,계열별글쓰기,2,"화,목 10:30~11:20 X225",이민호,35,,,"문학부,사회과학부,커뮤니케이션학부,법학부(가능)",,2008,FAL,LIB
NULL,COR1002,05,계열별글쓰기,2,"월 15:00~15:50 X225 , 수 16:30~17:20",정언학,24,,,"문학부,사회과학부,커뮤니케이션학부,법학부(가능)",,2008,FAL,LIB
NULL,COR1002,06,계열별글쓰기,2,"화,목 12:00~12:50 X225",이수곤,38,,,"문학부,사회과학부,커뮤니케이션학부,법학부(가능)",,2008,FAL,LIB
NULL,COR1002,07,계열별글쓰기,2,"월 12:00~12:50 X225 , 금 10:30~11:20 X225",김남미,19,,,"문학부,사회과학부,커뮤니케이션학부,법학부(가능)","문학부, 사회과학부,커뮤니케이션학부, 법학부",2008,FAL,LIB
NULL,COR1002,08,계열별글쓰기,2,"화,목 13:30~14:20 X225",이민호,33,,,"문학부,사회과학부,커뮤니케이션학부,법학부(가능)","문학부, 사회과학부,커뮤니케이션학부, 법학부",2008,FAL,LIB
NULL,COR1002,09,계열별글쓰기,2,"월 13:30~14:20 X225 , 금 12:00~12:50",류정월,35,,,"문학부,사회과학부,커뮤니케이션학부,법학부(가능)","문학부, 사회과학부,커뮤니케이션학부, 법학부",2008,FAL,LIB
NULL,COR1002,10,계열별글쓰기,2,"화,목 15:00~15:50 X225",이민호,36,,,"문학부,사회과학부,커뮤니케이션학부,법학부(가능)","문학부, 사회과학부,커뮤니케이션학부, 법학부",2008,FAL,LIB
NULL,COR1002,11,계열별글쓰기,2,"월,금 16:30~17:20 X227",김남미,20,,,"문학부,사회과학부,커뮤니케이션학부,법학부(가능)","문학부, 사회과학부,커뮤니케이션학부, 법학부",2008,FAL,LIB
NULL,COR1002,12,계열별글쓰기,2,"화,목 16:30~17:20 X225",이민호,31,,,"문학부,사회과학부,커뮤니케이션학부,법학부(가능)","문학부, 사회과학부,커뮤니케이션학부, 법학부",2008,FAL,LIB
NULL,COR1002,13,계열별글쓰기,2,"수,금 13:30~14:20 X225",박숙자,35,,,"문학부,사회과학부,커뮤니케이션학부,법학부(가능)","문학부, 사회과학부,커뮤니케이션학부, 법학부",2008,FAL,LIB
NULL,COR1002,14,계열별글쓰기,2,"월,금 16:30~17:20 X229",이수곤,32,,,"문학부,사회과학부,커뮤니케이션학부,법학부(가능)","문학부, 사회과학부,커뮤니케이션학부, 법학부",2008,FAL,LIB
NULL,COR1002,15,계열별글쓰기,2,"화,목 09:00~09:50 X227",엄미옥,33,,,"문학부,사회과학부,커뮤니케이션학부,법학부(가능)","문학부, 사회과학부,커뮤니케이션학부, 법학부",2008,FAL,LIB
NULL,COR1002,16,계열별글쓰기,2,"수,금 15:00~15:50 X225",박숙자,37,,,"문학부,사회과학부,커뮤니케이션학부,법학부(가능)","문학부, 사회과학부,커뮤니케이션학부, 법학부",2008,FAL,LIB
NULL,COR1002,17,계열별글쓰기,2,"수,금 09:00~09:50 X225",이수곤,37,,,"문학부,사회과학부,커뮤니케이션학부,법학부(가능)","문학부, 사회과학부,커뮤니케이션학부, 법학부",2008,FAL,LIB
NULL,COR1002,18,계열별글쓰기,2,"화,목 16:30~17:20 X227",김옥영,35,,,"문학부,사회과학부,커뮤니케이션학부,법학부(가능)","문학부, 사회과학부,커뮤니케이션학부, 법학부",2008,FAL,LIB
NULL,COR1002,19,계열별글쓰기,2,"월 13:30~14:20 X227 , 금 12:00~12:50 X227",김남미,30,,,"문학부,사회과학부,커뮤니케이션학부,법학부(가능)","문학부, 사회과학부,커뮤니케이션학부, 법학부",2008,FAL,LIB
NULL,COR1002,20,계열별글쓰기,2,"월 09:00~09:50 X225 , 수 10:30~11:20",김남미,37,,,자연과학부(가능),자연과학부,2008,FAL,LIB
NULL,COR1002,21,계열별글쓰기,2,"화,목 09:00~09:50 X229",이수곤,34,,,자연과학부(가능),자연과학부,2008,FAL,LIB
NULL,COR1002,22,계열별글쓰기,2,"월 15:00~15:50 X227 , 수 16:30~17:20",홍순애,29,,,자연과학부(가능),자연과학부,2008,FAL,LIB
NULL,COR1002,23,계열별글쓰기,2,"월 13:30~14:20 X229 , 금 12:00~12:50",곽상순,35,,,자연과학부(가능),자연과학부,2008,FAL,LIB
NULL,COR1002,24,계열별글쓰기,2,"월 12:00~12:50 X227 , 금 10:30~11:20",곽상순,36,,,자연과학부(가능),자연과학부,2008,FAL,LIB
NULL,COR1002,25,계열별글쓰기,2,"수,금 09:00~09:50 X227",홍순애,32,,,자연과학부(가능),자연과학부,2008,FAL,LIB
NULL,COR1002,26,계열별글쓰기,2,"월 09:00~09:50 X227 , 수 10:30~11:20",오윤정,22,,O,공학부(가능),공학부,2008,FAL,LIB
NULL,COR1002,27,계열별글쓰기,2,"수,금 09:00~09:50 X229",홍우의,18,,O,공학부(가능),공학부,2008,FAL,LIB
NULL,COR1002,28,계열별글쓰기,2,"월 10:30~11:20 X227 , 수 12:00~12:50",정언학,39,,O,공학부(가능),공학부,2008,FAL,LIB
NULL,COR1002,29,계열별글쓰기,2,"수,금 13:30~14:20 X227",오윤정,35,,O,공학부(가능),공학부,2008,FAL,LIB
NULL,COR1002,30,계열별글쓰기,2,"월 13:30~14:20 , 금 12:00~12:50 X231",최성민,36,,O,공학부(가능),공학부,2008,FAL,LIB
NULL,COR1002,31,계열별글쓰기,2,"수,금 09:00~09:50 X231",박숙자,21,,O,공학부(가능),공학부,2008,FAL,LIB
NULL,COR1002,32,계열별글쓰기,2,"월 15:00~15:50 X229 , 수 16:30~17:20",곽상순,23,,O,공학부(가능),공학부,2008,FAL,LIB
NULL,COR1002,33,계열별글쓰기,2,"월,금 16:30~17:20 X231",곽상순,33,,O,공학부(가능),공학부,2008,FAL,LIB
NULL,COR1002,34,계열별글쓰기,2,"월 12:00~12:50 X229 , 금 10:30~11:20",최성민,33,,O,공학부(가능),공학부,2008,FAL,LIB
NULL,COR1002,35,계열별글쓰기,2,"화,목 10:30~11:20 X227",이수곤,35,,O,공학부(가능),공학부,2008,FAL,LIB
NULL,COR1002,36,계열별글쓰기,2,"월 13:30~14:20 , 금 12:00~12:50 X234",남미정,35,,O,공학부(가능),공학부,2008,FAL,LIB
NULL,COR1002,37,계열별글쓰기,2,"월 09:00~09:50 X229 , 수 10:30~11:20",정언학,27,,O,공학부(가능),공학부,2008,FAL,LIB
NULL,COR1002,38,계열별글쓰기,2,"화,목 09:00~09:50 X231",정문선,34,,O,공학부(가능),공학부,2008,FAL,LIB
NULL,COR1002,39,계열별글쓰기,2,"수,금 13:30~14:20 X229",류정월,26,,,"경제학부,경영학부(가능)","경제, 경영학부",2008,FAL,LIB
NULL,COR1002,40,계열별글쓰기,2,"수,금 15:00~15:50 X227",류정월,26,,,"경제학부,경영학부(가능)","경제, 경영학부",2008,FAL,LIB
NULL,COR1002,41,계열별글쓰기,2,"월 12:00~12:50 X331 , 금 10:30~11:20",류정월,34,,,"경제학부,경영학부(가능)","경제, 경영학부",2008,FAL,LIB
NULL,COR1002,42,계열별글쓰기,2,"화,목 12:00~12:50 X227",김정경,34,,,"경제학부,경영학부(가능)","경제, 경영학부",2008,FAL,LIB
NULL,COR1002,43,계열별글쓰기,2,"월,금 16:30~17:20 X225",류정월,31,,,"경제학부,경영학부(가능)","경제, 경영학부",2008,FAL,LIB
NULL,COR1002,44,계열별글쓰기,2,"화,목 12:00~12:50 X229",엄미옥,32,,,"경제학부,경영학부(가능)","경제, 경영학부",2008,FAL,LIB
NULL,COR1002,45,계열별글쓰기,2,"월,금 16:30~17:20 X234",표정옥,21,,,"경제학부,경영학부(가능)","경제, 경영학부",2008,FAL,LIB
NULL,COR1002,46,계열별글쓰기,2,"화,목 12:00~12:50 X231",정문선,34,,,"경제학부,경영학부(가능)","경제, 경영학부",2008,FAL,LIB
NULL,COR1002,47,계열별글쓰기,2,"월,금 16:30~17:20 X133",최성민,34,,,"경제학부,경영학부(가능)","경제, 경영학부",2008,FAL,LIB
NULL,COR1002,48,계열별글쓰기,2,"화,목 16:30~17:20 X229",이채원,31,,,"경제학부,경영학부(가능)","경제,경영학부",2008,FAL,LIB
NULL,COR1002,49,계열별글쓰기,2,"화,목 13:30~14:20 X227",정문선,36,,,"경제학부,경영학부(가능)","경제,경영학부",2008,FAL,LIB
NULL,COR1002,50,계열별글쓰기,2,"화,목 16:30~17:20 X231",김정경,33,,,"경제학부,경영학부(가능)","경제,경영학부",2008,FAL,LIB
NULL,COR1002,51,계열별글쓰기,2,"월 13:30~14:20 X233 , 금 12:00~12:50",오윤정,34,,,"경제학부,경영학부(가능)","경제,경영학부",2008,FAL,LIB
NULL,COR1002,52,계열별글쓰기,2,"월 10:30~11:20 X229 , 수 12:00~12:50",오윤정,33,,,"경제학부,경영학부(가능)","경제,경영학부",2008,FAL,LIB
NULL,COR1002,53,계열별글쓰기,2,"월 12:00~12:50 X233 , 금 10:30~11:20",오윤정,33,,,"경제학부,경영학부(가능)","경제,경영학부",2008,FAL,LIB
NULL,COR1002,54,계열별글쓰기,2,"수,금 09:00~09:50 X233",김남미,33,,O,,"외국인특별전형,재외국민대상",2008,FAL,LIB
NULL,COR1002,55,계열별글쓰기,2,"화,목 09:00~09:50 X233",김정경,35,,O,,"외국인특별전형,재외국민대상",2008,FAL,LIB
NULL,COR1002,56,계열별글쓰기,2,"월 12:00~12:50 X234 , 금 10:30~11:20",표정옥,35,,,,"문학부, 사회과학부,커뮤니케이션학부, 법학부(추가개설)",2008,FAL,LIB
NULL,COR1002,57,계열별글쓰기,2,"월 13:30~14:20 X333 , 금 12:00~12:50",표정옥,34,,,,"문학부, 사회과학부,커뮤니케이션학부, 법학부(추가개설)",2008,FAL,LIB
NULL,COR1002,58,계열별글쓰기,2,"수,금 09:00~09:50 X232",정언학,14,,,,자연과학부(추가개설),2008,FAL,LIB
NULL,COR1002,60,계열별글쓰기,2,"화,목 09:00~09:50 X325",표정옥,21,,O,,"9.2자 추가개설,외국인특별전형 및 재외국민대상",2008,FAL,LIB
NULL,COR1004,01,영어II,3,"월 09:00~10:15 X325 , 수 10:30~11:45",Andrew Christiansen,25,O,,"자연과학부,공학부(불가)","영어강의,이공계열제외전체학부",2008,FAL,LIB
NULL,COR1004,02,영어II,3,"월 10:30~11:45 D405 , 수 12:00~13:15",Scott Miles,22,O,,"자연과학부,공학부(불가)","영어강의,이공계열제외전체학부",2008,FAL,LIB
NULL,COR1004,04,영어II,3,"월 12:00~13:15 X325 , 금 10:30~11:45",홍진영,25,O,O,"공학부,자연과학부(가능)","공학인증반,영어강의",2008,FAL,LIB
NULL,COR1004,05,영어II,3,"월 13:30~14:45 X325 , 금 12:00~13:15",이원희,27,O,O,"공학부,자연과학부(가능)","영어강의,공학인증",2008,FAL,LIB
NULL,COR1004,06,영어II,3,"월,금 16:30~17:45 X325",강윤정,16,O,,"자연과학부,공학부(불가)","영어강의,이공계열제외전체학부",2008,FAL,LIB
NULL,COR1004,07,영어II,3,"수,금 09:00~10:15 X325",CamarenaJuan,15,O,,"자연과학부,공학부(불가)","영어강의,이공계열제외전체학부",2008,FAL,LIB
NULL,COR1004,08,영어II,3,"수,금 13:30~14:45 X325",CamarenaJuan,20,O,O,"공학부,자연과학부(가능)","공학인증반,영어강의",2008,FAL,LIB
NULL,COR1004,09,영어II,3,"수,금 15:00~16:15 X325",지소현,24,O,,"공학부,자연과학부(불가)","영어강의,이공계열제외전체학부",2008,FAL,LIB
NULL,COR1004,10,영어II,3,"화,목 09:00~10:15 D506",I.T. Lakhiani,25,O,O,"공학부,자연과학부(가능)","공학인증반,영어강의",2008,FAL,LIB
NULL,COR1004,11,영어II,3,"화,목 10:30~11:45 D405",William N. Roszell,27,O,O,"공학부,자연과학부(가능)","공학인증반,영어강의",2008,FAL,LIB
NULL,COR1004,12,영어II,3,"화,목 12:00~13:15 X330",LandryKevin,32,O,O,"공학부,자연과학부(가능)","공학인증반,영어강의",2008,FAL,LIB
NULL,COR1004,13,영어II,3,"화,목 13:30~14:45 X325",신희재,24,O,,"공학부,자연과학부(불가)","영어강의,이공계열제외전체학부",2008,FAL,LIB
NULL,COR1004,14,영어II,3,"화,목 15:00~16:15 X325",Leah Miller,27,O,,"공학부,자연과학부(불가)","영어강의,이공계열제외전체학부",2008,FAL,LIB
NULL,COR1004,15,영어II,3,"화,목 16:30~17:45 X325",Leah Miller,28,O,,"공학부,자연과학부(불가)","영어강의,이공계열제외전체학부",2008,FAL,LIB
NULL,COR1004,16,영어II,3,"월 09:00~10:15 D506 , 수 10:30~11:45",I.T. Lakhiani,27,O,,"공학부,자연과학부(불가)","영어강의,이공계열제외전체학부",2008,FAL,LIB
NULL,COR1004,17,영어II,3,"월 10:30~11:45 X326 , 수 12:00~13:15",박영란,28,O,O,"공학부,자연과학부(가능)","공학인증반,영어강의",2008,FAL,LIB
NULL,COR1004,18,영어II,3,"월 15:00~16:15 X326 , 수 16:30~17:45",지소현,20,O,O,"공학부,자연과학부(가능)","공학인증반,영어강의",2008,FAL,LIB
NULL,COR1004,19,영어II,3,"월 12:00~13:15 X326 , 금 10:30~11:45",이원희,26,O,,"공학부,자연과학부(불가)","영어강의,이공계열제외전체학부",2008,FAL,LIB
NULL,COR1004,20,영어II,3,"월 13:30~14:45 X326 , 금 12:00~13:15",채현순,24,O,O,"공학부,자연과학부(가능)","공학인증반,영어강의",2008,FAL,LIB
NULL,COR1004,21,영어II,3,"월,금 16:30~17:45 X326",I.T. Lakhiani,17,O,,"공학부,자연과학부(불가)","영어강의,이공계열제외전체학부",2008,FAL,LIB
NULL,COR1004,22,영어II,3,"수,금 09:00~10:15 D506",I.T. Lakhiani,25,O,O,"공학부,자연과학부(가능)","공학인증반,영어강의",2008,FAL,LIB
NULL,COR1004,23,영어II,3,"수,금 13:30~14:45 D405",Scott Miles,28,O,O,"공학부,자연과학부(가능)","공학인증반,영어강의",2008,FAL,LIB
NULL,COR1004,24,영어II,3,"수,금 15:00~16:15 X326",Leah Miller,26,O,O,"공학부,자연과학부(가능)","공학인증반,영어강의",2008,FAL,LIB
NULL,COR1004,25,영어II,3,"화,목 09:00~10:15 X326",신희재,22,O,,"공학부,자연과학부(불가)","영어강의,이공계열제외전체학부",2008,FAL,LIB
NULL,COR1004,26,영어II,3,"화,목 10:30~11:45 X326",Anders McCarthy,26,O,,"공학부,자연과학부(불가)","영어강의,이공계열제외전체학부",2008,FAL,LIB
NULL,COR1004,27,영어II,3,"화,목 12:00~13:15 X326",Michael Glass,23,O,,"공학부,자연과학부(불가)","영어강의,이공계열제외전체학부",2008,FAL,LIB
NULL,COR1004,28,영어II,3,"화,목 13:30~14:45 X326",김현진,24,O,,"공학부,자연과학부(불가)","영어강의,이공계열제외전체학부",2008,FAL,LIB
NULL,COR1004,29,영어II,3,"화,목 15:00~16:15 X326",김현진,22,O,O,"공학부,자연과학부(가능)","공학인증반,영어강의",2008,FAL,LIB
NULL,COR1004,30,영어II,3,"화,목 16:30~17:45 X326",William N. Roszell,25,O,,"공학부,자연과학부(불가)","영어강의,이공계열제외전체학부",2008,FAL,LIB
NULL,COR1004,31,영어II,3,"월 09:00~10:15 X327 , 수 10:30~11:45",김영옥,25,O,O,"공학부,자연과학부(가능)","영어강의,공학인증반",2008,FAL,LIB
NULL,COR1004,32,영어II,3,"월 10:30~11:45 X327 , 수 12:00~13:15",김영옥,27,O,,"공학부,자연과학부(불가)","영어강의,이공계열제외전체학부",2008,FAL,LIB
NULL,COR1004,33,영어II,3,"월 15:00~16:15 X327 , 수 16:30~17:45",Leah Miller,6,O,,"공학부,자연과학부(불가)","고급반,영어강의,이공계열제외전체학부",2008,FAL,LIB
NULL,COR1004,34,영어II,3,"월 12:00~13:15 X327 , 금 10:30~11:45",채현순,25,O,,"공학부,자연과학부(불가)","영어강의,이공계열제외전체학부",2008,FAL,LIB
NULL,COR1004,35,영어II,3,"월 13:30~14:45 X327 , 금 12:00~13:15",김영옥,27,O,,"공학부,자연과학부(불가)","영어강의,이공계열제외전체학부",2008,FAL,LIB
NULL,COR1004,37,영어II,3,"수,금 09:00~10:15 X327",Paul Elliget Suh,25,O,O,"공학부,자연과학부(가능)","공학인증반,영어강의",2008,FAL,LIB
NULL,COR1004,38,영어II,3,"수,금 13:30~14:45 D610",박해인,19,O,,"공학부,자연과학부(불가)","영어강의,이공계열제외전체학부",2008,FAL,LIB
NULL,COR1004,39,영어II,3,"수,금 15:00~16:15 X327",신문주,23,O,,"공학부,자연과학부(불가)","영어강의,이공계열제외전체학부",2008,FAL,LIB
NULL,COR1004,40,영어II,3,"화,목 09:00~10:15 X327",홍진영,22,O,,"공학부,자연과학부(불가)","영어강의,이공계열제외전체학부",2008,FAL,LIB
NULL,COR1004,41,영어II,3,"화,목 10:30~11:45 X327",홍진영,25,O,,"공학부,자연과학부(불가)","영어강의,이공계열제외전체학부",2008,FAL,LIB
NULL,COR1004,42,영어II,3,"화,목 12:00~13:15 X327",신희재,25,O,,"공학부,자연과학부(불가)","영어강의,이공계열제외전체학부",2008,FAL,LIB
NULL,COR1004,43,영어II,3,"화,목 13:30~14:45 X327",홍진영,28,O,,"공학부,자연과학부(불가)","영어강의,이공계열제외전체학부",2008,FAL,LIB
NULL,COR1004,44,영어II,3,"화,목 15:00~16:15 X327",Anders McCarthy,25,O,O,"공학부,자연과학부(가능)","공학인증반,영어강의",2008,FAL,LIB
NULL,COR1004,45,영어II,3,"화,목 16:30~17:45 X327",LandryKevin,23,O,,"공학부,자연과학부(불가)","영어강의,이공계열제외전체학부",2008,FAL,LIB
NULL,COR1004,46,영어II,3,"월 09:00~10:15 X328 , 수 10:30~11:45",Michael Glass,24,O,O,"공학부,자연과학부(가능)","공학인증반,영어강의",2008,FAL,LIB
NULL,COR1004,47,영어II,3,"월 10:30~11:45 X328 , 수 12:00~13:15",Andrew Christiansen,26,O,O,"공학부,자연과학부(가능)","공학인증반,영어강의",2008,FAL,LIB
NULL,COR1004,48,영어II,3,"월 15:00~16:15 D405 , 수 16:30~17:45",김상경,11,O,,"공학부,자연과학부(불가)","영어강의,이공계열제외전체학부",2008,FAL,LIB
NULL,COR1004,49,영어II,3,"월 12:00~13:15 X328 , 금 10:30~11:45",강윤정,21,O,,"공학부,자연과학부(불가)","영어강의,이공계열제외전체학부",2008,FAL,LIB
NULL,COR1004,50,영어II,3,"월 13:30~14:45 X328 , 금 12:00~13:15",강윤정,22,O,,"공학부,자연과학부(불가)","영어강의,이공계열제외전체학부",2008,FAL,LIB
NULL,COR1004,51,영어II,3,"월,금 16:30~17:45 D506",장순복,21,O,,"공학부,자연과학부(불가)","영어강의,이공계열제외전체학부",2008,FAL,LIB
NULL,COR1004,52,영어II,3,"수,금 09:00~10:15 X328",왕성순,19,O,,"공학부,자연과학부(불가)","영어강의,이공계열제외전체학부",2008,FAL,LIB
NULL,COR1004,53,영어II,3,"수,금 13:30~14:45 X328",LandryKevin,26,O,O,"공학부,자연과학부(가능)","공학인증반,영어강의",2008,FAL,LIB
NULL,COR1004,54,영어II,3,"수,금 15:00~16:15 X328",Paul Elliget Suh,25,O,,"공학부,자연과학부(불가)","영어강의,이공계열제외전체학부",2008,FAL,LIB
NULL,COR1004,55,영어II,3,"화,목 09:00~10:15 X328",채현순,25,O,,"공학부,자연과학부(불가)","영어강의,이공계열제외전체학부",2008,FAL,LIB
NULL,COR1004,56,영어II,3,"화,목 10:30~11:45 X328",이원희,27,O,,"공학부,자연과학부(불가)","영어강의,이공계열제외전체학부",2008,FAL,LIB
NULL,COR1004,57,영어II,3,"화,목 12:00~13:15 X328",이원희,25,O,,"공학부,자연과학부(불가)","영어강의,이공계열제외전체학부",2008,FAL,LIB
NULL,COR1004,58,영어II,3,"화,목 13:30~14:45 X328",최희영,25,O,O,"공학부,자연과학부(가능)","공학인증반,영어강의",2008,FAL,LIB
NULL,COR1004,59,영어II,3,"화,목 15:00~16:15 X328",왕성순,27,O,,"공학부,자연과학부(불가)","영어강의,이공계열제외전체학부",2008,FAL,LIB
NULL,COR1004,60,영어II,3,"화,목 16:30~17:45 X328",Andrew Christiansen,23,O,,"공학부,자연과학부(불가)","영어강의,이공계열제외전체학부",2008,FAL,LIB
NULL,COR1004,61,영어II,3,"월 09:00~10:15 X329 , 수 10:30~11:45",박영란,25,O,,"공학부,자연과학부(불가)","영어강의,이공계열제외전체학부",2008,FAL,LIB
NULL,COR1004,62,영어II,3,"월 15:00~16:15 X329 , 수 16:30~17:45",CamarenaJuan,20,O,,"공학부,자연과학부(불가)","영어강의,이공계열제외전체학부",2008,FAL,LIB
NULL,COR1004,63,영어II,3,"월 12:00~13:15 X329 , 금 10:30~11:45",Michael Glass,25,O,O,"공학부,자연과학부(가능)","공학인증반,영어강의",2008,FAL,LIB
NULL,COR1004,64,영어II,3,"월 13:30~14:45 X330 , 금 12:00~13:15",Michael Glass,26,O,O,"공학부,자연과학부(가능)","공학인증반,영어강의",2008,FAL,LIB
NULL,COR1004,65,영어II,3,"월,금 16:30~17:45 X329",Paul Elliget Suh,20,O,,"공학부,자연과학부(불가)","영어강의,이공계열제외전체학부",2008,FAL,LIB
NULL,COR1004,67,영어II,3,"수,금 09:00~10:15 X329",박해인,18,O,,"공학부,자연과학부(불가)","영어강의,이공계열제외전체학부",2008,FAL,LIB
NULL,COR1004,68,영어II,3,"수,금 15:00~16:15 X329",김상경,21,O,O,"공학부,자연과학부(가능)","공학인증반,영어강의",2008,FAL,LIB
NULL,COR1004,69,영어II,3,"화,목 09:00~10:15 X330",Anders McCarthy,26,O,O,"공학부,자연과학부(가능)","공학인증반,영어강의",2008,FAL,LIB
NULL,COR1004,70,영어II,3,"화,목 12:00~13:15 X329",채현순,23,O,,"공학부,자연과학부(불가)","영어강의,이공계열제외전체학부",2008,FAL,LIB
NULL,COR1004,71,영어II,3,"화,목 13:30~14:45 X329",왕성순,26,O,O,"공학부,자연과학부(가능)","공학인증반,영어강의",2008,FAL,LIB
NULL,COR1004,72,영어II,3,"화,목 16:30~17:45 X329",최희영,25,O,,"공학부,자연과학부(불가)","영어강의,이공계열제외전체학부",2008,FAL,LIB
NULL,COR1004,73,영어II,3,"화,목 16:30~17:45 X330",Anders McCarthy,19,O,,"공학부,자연과학부(불가)","영어강의,이공계열제외전체학부",2008,FAL,LIB
NULL,COR1004,74,영어II,3,"월,금 16:30~17:45 X327",Michael Glass,11,O,O,,"영어강의,특수승인분반(교양영어 문의:705-8568)",2008,FAL,LIB
NULL,COR1004,75,영어II,3,"화,목 15:00~16:15 X329",Michael Glass,17,O,O,,"영어강의,특수승인분반(교양영어 문의:705-8568)",2008,FAL,LIB
NULL,E10076,01,성차심리학,3,일 00:00~00:00,,2,,,,,2008,FAL,LIB
NULL,ETS2001,01,윤리와가치,3,"월 09:00~10:15 X426 , 수 10:30~11:45",정지욱,14,,O,,,2008,FAL,LIB
NULL,ETS2001,02,윤리와가치,3,"월 12:00~13:15 , 금 10:30~11:45 X433",김봉규,89,,O,,,2008,FAL,LIB
NULL,ETS2001,03,윤리와가치,3,"수,금 09:00~10:15 X426",임연선,18,,O,,,2008,FAL,LIB
NULL,ETS2001,04,윤리와가치,3,"화,목 09:00~10:15 X428",박혜순,20,,O,,,2008,FAL,LIB
NULL,ETS2001,05,윤리와가치,3,"수,금 13:30~14:45 X520",홍영미,46,,O,,,2008,FAL,LIB
NULL,ETS2001,06,윤리와가치,3,"월 10:30~11:45 X234 , 수 12:00~13:15",이강일,52,,O,,,2008,FAL,LIB
NULL,ETS2002,01,논리와비판적사고,3,"월 09:00~10:15 X434 , 수 10:30~11:45",하유진,32,,O,,,2008,FAL,LIB
NULL,ETS2002,02,논리와비판적사고,3,"월 15:00~16:15 X428 , 수 16:30~17:45",하유진,12,,O,,,2008,FAL,LIB
NULL,ETS2002,03,논리와비판적사고,3,"월 12:00~13:15 , 금 10:30~11:45 X520",석기용,66,,O,,,2008,FAL,LIB
NULL,ETS2002,04,논리와비판적사고,3,"수,금 09:00~10:15 X428",박제철,18,,O,,,2008,FAL,LIB
NULL,ETS2002,05,논리와비판적사고,3,"화,목 12:00~13:15 K212",이호영,50,,O,,,2008,FAL,LIB
NULL,ETS2002,06,논리와비판적사고,3,"수,금 15:00~16:15 X434",박제철,50,,O,,,2008,FAL,LIB
NULL,ETS2003,01,철학산책,3,"월 13:30~14:45 , 금 12:00~13:15 K302",김봉규,173,,O,,,2008,FAL,LIB
NULL,ETS2004,01,종교와세계문화,3,"월 13:30~14:45 D301 , 금 12:00~13:15",최수빈,78,,O,,,2008,FAL,LIB
NULL,ETS2004,02,종교와세계문화,3,"화,목 13:30~14:45 X434",이길용,93,,O,,,2008,FAL,LIB
NULL,ETS2004,03,종교와세계문화,3,"수,금 13:30~14:45 D402",오지섭,71,,O,,,2008,FAL,LIB
NULL,ETU4001,01,환경윤리,3,"수,금 13:30~14:45 K305",김완구,82,,,,,2008,FAL,LIB
NULL,ETU4004,01,동아시아철학고전읽기,3,"월 10:30~11:45 X432 , 수 12:00~13:15",정지욱,16,,,,,2008,FAL,LIB
NULL,ETU4005,01,서양철학고전읽기,3,"월 13:30~14:45 , 금 12:00~13:15 K304",박지연,36,,,,,2008,FAL,LIB
NULL,ETU4009,01,영화와철학,3,"화,목 13:30~14:45 K201",이호영,108,,,,,2008,FAL,LIB
NULL,ETU4012,01,종교와죽음,3,"월 10:30~11:45 D201A , 수 12:00~13:15",김재영,13,,,,,2008,FAL,LIB
NULL,ETU4014,01,종교와정치,3,"화,목 15:00~16:15 D201B",김동하,19,,,,,2008,FAL,LIB
NULL,ETU4016,01,"종교,폭력,평화",3,"월 10:30~11:45 X133 , 수 12:00~13:15",김명희,71,,,,,2008,FAL,LIB
NULL,ETU4017,01,신화와상징,3,수 15:00~17:45 K501,류경희,58,,,,,2008,FAL,LIB
NULL,HFS2001,01,철학적인간학,3,"월 09:00~10:15 K303 , 수 10:30~11:45",최복희,73,,O,,,2008,FAL,LIB
NULL,HFS2001,02,철학적인간학,3,"월 12:00~13:15 K201 , 금 10:30~11:45",구자윤,116,,O,,,2008,FAL,LIB
NULL,HFS2001,03,철학적인간학,3,"월 09:00~10:15 K301 , 수 10:30~11:45",장영란,64,,O,,,2008,FAL,LIB
NULL,HFS2001,04,철학적인간학,3,"화,목 12:00~13:15 K303",박은미,82,,O,,,2008,FAL,LIB
NULL,HFS2001,05,철학적인간학,3,"수,금 09:00~10:15 D504",김용해,12,O,O,,8.9자 영어강의,2008,FAL,LIB
NULL,HFS2001,06,철학적인간학,3,"화,목 16:30~17:45 K304",박병준,38,,O,,,2008,FAL,LIB
NULL,HFS2002,01,신학적인간학,3,"수,금 09:00~10:15 K209",이규성,16,,O,,,2008,FAL,LIB
NULL,HFS2002,02,신학적인간학,3,"월 10:30~11:45 K203 , 수 12:00~13:15",심현주,77,,O,,,2008,FAL,LIB
NULL,HFS2002,03,신학적인간학,3,"월 13:30~14:45 , 금 12:00~13:15 K203",이혜자,76,,O,,,2008,FAL,LIB
NULL,HFS2002,04,신학적인간학,3,"화,목 09:00~10:15 K303",박홍,79,,O,,,2008,FAL,LIB
NULL,HFS2002,05,신학적인간학,3,"화,목 15:00~16:15 X234",조현철,65,,O,,,2008,FAL,LIB
NULL,HFS2002,06,신학적인간학,3,"화,목 12:00~13:15 X234",박현준,71,,O,,,2008,FAL,LIB
NULL,HFS2003,01,그리스도교윤리,3,"월 09:00~10:15 K305 , 수 10:30~11:45",심현주,56,,O,,,2008,FAL,LIB
NULL,HFS2003,02,그리스도교윤리,3,"월 12:00~13:15 , 금 10:30~11:45 K305",유혜숙,54,,O,,,2008,FAL,LIB
NULL,HFS2003,03,그리스도교윤리,3,"수,금 09:00~10:15 K404",정인숙,15,,O,,,2008,FAL,LIB
NULL,HFS2003,04,그리스도교윤리,3,"화,목 09:00~10:15 K404",박은미,29,,O,,,2008,FAL,LIB
NULL,HFS2005,01,신의문제,3,"수,금 15:00~16:15 D402",이종진,49,,O,,,2008,FAL,LIB
NULL,HFU4002,01,그리스도교개론,3,"수,금 13:30~14:45 X432",정구평,18,,,,,2008,FAL,LIB
NULL,HFU4003,01,생명윤리,3,"화,목 10:30~11:45 X434",우재명,82,,,,,2008,FAL,LIB
NULL,HFU4004,01,성서와생활,3,"화,목 15:00~16:15 X433",송봉모,42,,,,,2008,FAL,LIB
NULL,HFU4005,01,개인과공동체,3,"월 10:30~11:45 X429 , 수 12:00~13:15",김진형,35,,,,,2008,FAL,LIB
NULL,HFU4008,01,신앙과과학,3,"화,목 13:30~14:45 K401",김정웅,67,,,,,2008,FAL,LIB
NULL,HFU4009,01,예술과구원,3,"수,금 15:00~16:15 X430",김남희,19,,,,,2008,FAL,LIB
NULL,HFU4011,01,가톨릭교회와사회,3,"화,목 12:00~13:15 X433",김녕,18,,,,,2008,FAL,LIB
NULL,HLU4001,01,영양과다이어트,2,금 09:00~10:50 K302,이유숙,34,,,,,2008,FAL,LIB
NULL,HLU4002,01,보건학,2,금 16:30~18:20 K309,이홍자,36,,,,,2008,FAL,LIB
NULL,HLU4005,01,스키,1,화 13:30~15:20,최희남,23,,,,,2008,FAL,LIB
NULL,HLU4005,02,스키,1,목 15:00~16:50,최희남,27,,,,,2008,FAL,LIB
NULL,HLU4006,01,요가,1,월 12:00~13:50,노수연,55,,,,,2008,FAL,LIB
NULL,HLU4006,02,요가,1,금 12:00~13:50,장현정,39,,,,,2008,FAL,LIB
NULL,HLU4007,01,테니스,1,월 13:30~15:20,이도웅,29,,,,,2008,FAL,LIB
NULL,HLU4007,02,테니스,1,화 15:00~16:50,최대혁,33,,,,,2008,FAL,LIB
NULL,HLU4007,03,테니스,1,수 13:30~15:20,김종택,23,,,,,2008,FAL,LIB
NULL,HLU4007,04,테니스,1,금 13:30~15:20,엄우섭,13,,,,,2008,FAL,LIB
NULL,HLU4008,01,탁구,1,화 16:30~18:20,김인실,30,,,,,2008,FAL,LIB
NULL,HLU4009,01,배드민턴,1,월 12:00~13:50,안현균,29,,,,,2008,FAL,LIB
NULL,HLU4010,01,에어로빅및포크댄스,1,수 13:30~15:20,장현정,20,,,,,2008,FAL,LIB
NULL,HLU4011,01,농구,1,목 15:00~16:50,지정민,26,,,,,2008,FAL,LIB
NULL,HLU4013,01,축구,1,목 15:00~16:50,김남주,17,,,,,2008,FAL,LIB
NULL,HLU4014,01,야구,1,월 15:00~16:50,천승현,28,,,,,2008,FAL,LIB
NULL,HLU4015,01,골프,1,금 13:30~15:20,최대혁,32,,,,,2008,FAL,LIB
NULL,HLU4015,02,골프,1,금 16:30~18:20,엄우섭,40,,,,,2008,FAL,LIB
NULL,HLU4101,01,수영II,1,토 13:00~14:50,김원현,23,,,,이화여대수영장,2008,FAL,LIB
NULL,HLU4102,01,테니스II,1,목 13:30~15:20,주창남,24,,,,,2008,FAL,LIB
NULL,HSS3001,01,인간과인성,3,수 15:00~17:45 DB101,백인호,60,,,,,2008,FAL,LIB
NULL,HSS3002,01,사회봉사,3,월 13:30~16:15 K501,송인주,57,,,,,2008,FAL,LIB
NULL,HSS3002,02,사회봉사,3,수 09:00~11:45 K403,최대헌,53,,,,,2008,FAL,LIB
NULL,HSS3002,03,사회봉사,3,목 09:00~11:45 K302,김미일,34,,,,,2008,FAL,LIB
NULL,HSS3003,01,사회봉사실천,1,토 10:00~10:50 K209,김미일,36,,,,,2008,FAL,LIB
NULL,HSS3005,01,수화의이해,2,월 16:30~18:20 K401,김미원,76,,,,,2008,FAL,LIB
NULL,HSS3005,02,수화의이해,2,수 16:30~18:20 K401,안영회,78,,,,,2008,FAL,LIB
NULL,HSS3008,01,일과쉼,3,"월 13:30~14:45 , 금 12:00~13:15 K405",김어상,18,,,,,2008,FAL,LIB
NULL,HSS3013,01,현대인문세미나,3,"화,목 15:00~15:50 X520",임상우,57,,,,"실습:월수금 16:30-18:10, 화목 16:00-17:40 중 택 하루",2008,FAL,LIB
NULL,LAU4001,01,현대사회와문학예술,3,"화,목 12:00~13:15 X434",이민호,45,,,,,2008,FAL,LIB
NULL,LAU4006,01,문학과판타지,3,"화,목 10:30~11:45 X234",김정경,88,,,,,2008,FAL,LIB
NULL,LAU4008,01,다매체시대의고전읽기,3,"월 13:30~14:45 X430 , 금 12:00~13:15 X430",이수곤,18,,,,,2008,FAL,LIB
NULL,LAU4009,01,실무논술작법,3,"수,금 09:00~10:15 X431",오윤정,20,,,,,2008,FAL,LIB
NULL,LAU4014,01,한국미술의역사와감상,3,월 15:00~17:45 K301,최경화,72,,,,,2008,FAL,LIB
NULL,LAU4015,01,서양미술의역사와감상,3,금 10:30~13:15 K202,정은진,75,,,,,2008,FAL,LIB
NULL,LAU4015,02,서양미술의역사와감상,3,화 10:30~13:15 K201,전한호,84,,,,,2008,FAL,LIB
NULL,LAU4017,01,디자인과복식사,3,금 15:00~17:45 K401,신주영,85,,,,부제:패션의어제와오늘,2008,FAL,LIB
NULL,LAU4018,01,한국건축사,3,목 15:00~17:45 K212,이연노,32,,,,,2008,FAL,LIB
NULL,LAU4020,01,한국음악의역사와감상,3,화 13:30~16:15 K212,변제남,29,,,,,2008,FAL,LIB
NULL,LAU4021,01,서양음악의역사와감상,3,월 12:00~14:45 K403,이민경,53,,,,,2008,FAL,LIB
NULL,LAU4021,02,서양음악의역사와감상,3,수 09:00~11:45 K202,박용은,128,,,,,2008,FAL,LIB
NULL,LAU4022,01,대중음악의이해,3,"화,목 12:00~13:15 K301",정태진,106,,,,,2008,FAL,LIB
NULL,LAU4022,02,대중음악의이해,3,금 15:00~17:45 K301,정태진,45,,,,,2008,FAL,LIB
NULL,LAU4024,01,현대예술과미학의이해,3,"화,목 10:30~11:45 X432",김산춘,33,,,,,2008,FAL,LIB
NULL,LAU4026,01,디지털문화와예술,3,수 15:00~17:45 K201,이재준,30,,,,,2008,FAL,LIB
NULL,LCS2001,01,독일언어와문화I,3,"월 10:30~11:45 X332 , 수 12:00~13:15",조한렬,17,,,,,2008,FAL,LIB
NULL,LCS2001,02,독일언어와문화I,3,"월 12:00~13:15 X427 , 금 10:30~11:15",이승희,26,,,,,2008,FAL,LIB
NULL,LCS2001,03,독일언어와문화I,3,"화,목 10:30~11:45 X325",송완용,33,,,,,2008,FAL,LIB
NULL,LCS2001,04,독일언어와문화I,3,"수,금 13:30~14:45 X426",성현숙,15,,,,,2008,FAL,LIB
NULL,LCS2002,01,독일언어와문화II,3,"월 12:00~13:15 X428 , 금 10:30~11:45",장순란,19,,,,,2008,FAL,LIB
NULL,LCS2002,02,독일언어와문화II,3,"화,목 12:00~13:15 X427",김연신,16,,,,,2008,FAL,LIB
NULL,LCS2003,01,프랑스언어와문화I,3,"화,목 15:00~16:15 X425",전종호,26,,,,,2008,FAL,LIB
NULL,LCS2003,02,프랑스언어와문화I,3,"수,금 13:30~14:45 X425",이충훈,20,,,,,2008,FAL,LIB
NULL,LCS2003,03,프랑스언어와문화I,3,"월,금 16:30~17:45 X425",정우향,16,,,,,2008,FAL,LIB
NULL,LCS2003,04,프랑스언어와문화I,3,"화,목 12:00~13:15 X425",정의진,28,,,,,2008,FAL,LIB
NULL,LCS2004,01,프랑스언어와문화II,3,"화,목 10:30~11:45 X425",박정섭,22,,,,,2008,FAL,LIB
NULL,LCS2004,02,프랑스언어와문화II,3,"화,목 10:30~11:45 X426",Malin Franck,23,,,,원어강의,2008,FAL,LIB
NULL,LCS2005,01,중국언어와문화I,3,"월 09:00~10:15 X425 , 수 10:30~11:45",신민야,28,,,,원어민 및 특기자 수강불가,2008,FAL,LIB
NULL,LCS2005,02,중국언어와문화I,3,"월 10:30~11:45 X425 , 수 12:00~13:15",신민야,24,,,,원어민 및 특기자 수강불가,2008,FAL,LIB
NULL,LCS2005,03,중국언어와문화I,3,"화,목 12:00~13:15 X432",강영선,25,,,,원어민 및 특기자 수강불가,2008,FAL,LIB
NULL,LCS2006,01,중국언어와문화II,3,"월 09:00~10:15 X430 , 수 10:30~11:45",문영희,20,,,,원어민 및 특기자 수강불가,2008,FAL,LIB
NULL,LCS2006,02,중국언어와문화II,3,"월 10:30~11:45 X430 , 수 12:00~13:15",문영희,23,,,,원어민 및 특기자 수강불가,2008,FAL,LIB
NULL,LCS2006,03,중국언어와문화II,3,"화,목 09:00~10:15 X432",신아사,13,,,,원어민 및 특기자 수강불가,2008,FAL,LIB
NULL,LCS2006,04,중국언어와문화II,3,"화,목 12:00~13:15 X429",박연화,34,,,,원어민 및 특기자 수강불가,2008,FAL,LIB
NULL,LCS2006,05,중국언어와문화II,3,"화,목 15:00~16:15 X432",송원찬,20,,,,원어민 및 특기자 수강불가,2008,FAL,LIB
NULL,LCU4003,01,중급영어강독,3,"수,금 09:00~10:15 D405",Scott Miles,26,O,,"국제문화계Ⅰ,영미어문전공,미국문화전공(불가)","영어강의,국제문화계1 학생 수강불가",2008,FAL,LIB
NULL,LCU4003,02,중급영어강독,3,"화,목 10:30~11:45 X329",김현진,18,O,,"국제문화계Ⅰ,영미어문전공,미국문화전공(불가)","영어강의,국제문화계1 학생 수강불가",2008,FAL,LIB
NULL,LCU4003,03,중급영어강독,3,"수,금 13:30~14:45 X329",William N. Roszell,17,O,,"국제문화계Ⅰ,영미어문전공,미국문화전공(불가)","영어강의,국제문화계1 학생 수강불가",2008,FAL,LIB
NULL,LCU4003,04,중급영어강독,3,"수,금 13:30~14:45 X330",Paul Elliget Suh,10,O,,"국제문화계Ⅰ,영미어문전공,미국문화전공(불가)","영어강의,국제문화계1 학생 수강불가",2008,FAL,LIB
NULL,LCU4003,05,중급영어강독,3,"월 10:30~11:45 X329 , 수 12:00~13:15",CamarenaJuan,20,O,,"국제문화계Ⅰ,영미어문전공,미국문화전공(불가)","영어강의,국제문화계1 학생 수강불가",2008,FAL,LIB
NULL,LCU4004,02,중급영어작문,3,"월 13:30~14:45 , 금 12:00~13:15 D405",김상경,18,O,,"국제문화계Ⅰ,영미어문전공,미국문화전공(불가)","영어강의,국제문화계1 학생 수강불가",2008,FAL,LIB
NULL,LCU4005,01,인터넷영어연습,3,"월 13:30~14:45 , 금 12:00~13:15 D508",홍진영,22,O,,"국제문화계Ⅰ,영미어문전공,미국문화전공(불가)","영어강의,국제문화계1 학생 수강불가",2008,FAL,LIB
NULL,LCU4005,02,인터넷영어연습,3,"수,금 13:30~14:45 D508",홍주희,16,O,,"국제문화계Ⅰ,영미어문전공,미국문화전공(불가)","영어강의,국제문화계1 학생 수강불가",2008,FAL,LIB
NULL,LCU4005,03,인터넷영어연습,3,"수,금 15:00~16:15 D508",홍주희,17,O,,"국제문화계Ⅰ,영미어문전공,미국문화전공(불가)","영어강의,국제문화계1 학생 수강불가",2008,FAL,LIB
NULL,LCU4006,01,중급영어연설,3,"월 15:00~16:15 D508 , 수 16:30~17:45",Scott Miles,22,O,,"국제문화계Ⅰ,영미어문전공,미국문화전공(불가)","영어강의,국제문화계1수강불가",2008,FAL,LIB
NULL,LCU4010,01,영미문화의이해,3,"수,금 15:00~16:15 D506",김영옥,28,O,,"국제문화계Ⅰ,영미어문전공,미국문화전공(불가)","영어강의,국제문화계1 학생 수강불가",2008,FAL,LIB
NULL,LCU4010,02,영미문화의이해,3,"화,목 13:30~14:45 D506",Andrew Christiansen,23,O,,"국제문화계Ⅰ,영미어문전공,미국문화전공(불가)","영어강의,국제문화계1 학생 수강불가",2008,FAL,LIB
NULL,LCU4010,03,영미문화의이해,3,"화,목 10:30~11:45 D506",LandryKevin,20,O,,"국제문화계Ⅰ,영미어문전공,미국문화전공(불가)","영어강의,국제문화계1 학생 수강불가",2008,FAL,LIB
NULL,LCU4011,01,고급영어회화,3,"월,금 16:30~17:45 X431",Leah Miller,14,O,,,영어강의,2008,FAL,LIB
NULL,LCU4011,03,고급영어회화,3,"월 09:00~10:15 X330 , 수 10:30~11:45",CamarenaJuan,22,O,,,영어강의,2008,FAL,LIB
NULL,LCU4012,01,영어회화및면접연습,3,"수,금 13:30~14:45 X326",I.T. Lakhiani,20,O,,,영어강의,2008,FAL,LIB
NULL,LCU4013,01,영어토론과수사학,3,"화,목 15:00~16:15 D610",Andrew Christiansen,20,O,,,영어강의,2008,FAL,LIB
NULL,LCU4015,01,영화를통한영어연습,3,"화,목 15:00~16:15 D506",이원희,26,O,,"국제문화계Ⅰ,영미어문전공,미국문화전공(불가)","영어강의,국제문화계1수강불가",2008,FAL,LIB
NULL,LCU4015,02,영화를통한영어연습,3,"월 10:30~11:45 D506 , 수 12:00~13:15",I.T. Lakhiani,23,O,,"국제문화계Ⅰ,영미어문전공,미국문화전공(불가)","영어강의,국제문화계1수강불가",2008,FAL,LIB
NULL,LCU4015,03,영화를통한영어연습,3,"화,목 12:00~13:15 D506",William N. Roszell,25,O,,"국제문화계Ⅰ,영미어문전공,미국문화전공(불가)","영어강의,국제문화계1수강불가",2008,FAL,LIB
NULL,LCU4017,01,실무영어,3,"월 12:00~13:15 D506 , 금 10:30~11:45",I.T. Lakhiani,24,O,,,영어강의,2008,FAL,LIB
NULL,LCU4017,02,실무영어,3,"화,목 13:30~14:45 X330",채현순,28,O,,,영어강의,2008,FAL,LIB
NULL,LCU4017,03,실무영어,3,"화,목 10:30~11:45 X330",왕성순,30,O,,,영어강의,2008,FAL,LIB
NULL,LCU4018,02,드라마를통한영어연습,3,"수,금 15:00~16:15 X520",LandryKevin,23,O,,,영어강의,2008,FAL,LIB
NULL,LCU4020,01,집중영어연습II,2,일 00:00~00:00,,11,O,,,,2008,FAL,LIB
NULL,LCU4020,02,집중영어연습II,2,일 00:00~00:00,,19,O,,,,2008,FAL,LIB
NULL,LCU4021,01,초급라틴어,3,"화,목 13:30~14:45 X427",모지웅,26,,,,,2008,FAL,LIB
NULL,LCU4025,01,초급이탈리아어,3,"화,목 09:00~10:15 X429",AdornoMaria,11,,,,,2008,FAL,LIB
NULL,LCU4026,01,중급이탈리아어I,3,"화,목 10:30~11:45 X332",AdornoMaria,1,,,,,2008,FAL,LIB
NULL,LCU4030,01,초급스페인어,3,"화,목 15:00~16:15 X330",모지웅,33,,,,,2008,FAL,LIB
NULL,LCU4041,01,세계문화의이해와체험,3,수 12:00~14:45 K201,이태주,64,,,,,2008,FAL,LIB
NULL,LCU4043,01,유럽의대학문화,3,목 15:00~17:45 K305,현정임,19,,,,,2008,FAL,LIB
NULL,LCU4048,01,프랑스문화기행,3,"월 10:30~11:45 K202 , 수 12:00~13:15",최내경,98,,,,,2008,FAL,LIB
NULL,LCU4049,01,오늘의중국,3,"화,목 15:00~16:15 X434",성근제,64,,,,,2008,FAL,LIB
NULL,LCU4053,01,초급일본어I,3,"월 10:30~11:45 X431 , 수 12:00~13:15",고혜정,35,,,,,2008,FAL,LIB
NULL,LCU4053,02,초급일본어I,3,"화,목 09:00~10:15 D201B",김계연,24,,,,,2008,FAL,LIB
NULL,LCU4053,03,초급일본어I,3,"화,목 13:30~14:45 K403",신미영,32,,,,,2008,FAL,LIB
NULL,LCU4053,04,초급일본어I,3,"수,금 13:30~14:45 D502",오상현,39,,,,,2008,FAL,LIB
NULL,LCU4053,05,초급일본어I,3,"수,금 09:00~10:15 D201A",최은희,22,,,,,2008,FAL,LIB
NULL,LCU4053,06,초급일본어I,3,"화,목 10:30~11:45 K212",신미영,30,,,,,2008,FAL,LIB
NULL,LCU4054,01,초급일본어II,3,"화,목 12:00~13:15 D201B",김계연,33,,,,,2008,FAL,LIB
NULL,LCU4054,02,초급일본어II,3,"수,금 13:30~14:45 D201A",최은희,39,,,,,2008,FAL,LIB
NULL,LCU4065,01,영어IV,3,"수,금 13:30~14:45 X327",Isaiah WonHo Yoo,9,O,,,수강신청가능조건:홈페이지-개설과목변경사항참조,2008,FAL,LIB
NULL,LCU4065,02,영어IV,3,"월 15:00~16:15 X330 , 수 16:30~17:45",Paul Elliget Suh,15,O,,,수강신청가능조건:홈페이지-개설과목변경사항참조,2008,FAL,LIB
NULL,LCU4065,03,영어IV,3,"수,금 13:30~14:45 AS311",Anders McCarthy,13,O,,,수강신청가능조건:홈페이지-개설과목변경사항참조,2008,FAL,LIB
NULL,LED3001,01,그리스도교리더십,3,월 15:00~17:45 K201,이근상,9,,,,,2008,FAL,LIB
NULL,LED3003,01,리더십특강,3,금 09:00~11:45 K303,김명환,82,,,,,2008,FAL,LIB
NULL,LED3006,01,리더십과의사소통,3,"화,목 12:00~13:15 K501",김재득,85,,,,,2008,FAL,LIB
NULL,LED3007,01,리더십과화법,3,"수,금 13:30~14:45 X431","오정숙,김남미",33,,,,,2008,FAL,LIB
NULL,ROT4002,01,무관후보생교육II,2,"화,목 13:30~14:59 C301",,32,,,,,2008,FAL,LIB
NULL,ROT4004,01,무관후보생교육IV,2,"화,목 13:30~14:59 C301",,34,,,,,2008,FAL,LIB
NULL,SHS2001,01,현대사회의이해,3,"수,금 09:00~10:15 DB102",전상진,80,,,,,2008,FAL,LIB
NULL,SHS2001,02,현대사회의이해,3,"화,목 09:00~10:15 DB102",김근영,58,,,,,2008,FAL,LIB
NULL,SHS2002,01,한국과세계,3,"월 09:00~10:15 D301 , 수 10:30~11:45",한영빈,54,,,,,2008,FAL,LIB
NULL,SHS2002,02,한국과세계,3,"화,목 12:00~13:15 D402",공진성,79,,,,,2008,FAL,LIB
NULL,SHS2003,01,커뮤니케이션과사회,3,"화,목 12:00~13:15 K305",이정훈,78,,,,,2008,FAL,LIB
NULL,SHS2003,02,커뮤니케이션과사회,3,"월 12:00~13:15 GA403 , 금 10:30~11:45",장은미,68,,,,,2008,FAL,LIB
NULL,SHS2005,01,법과공학,3,금 15:00~17:45 K501,이영주,70,,O,,,2008,FAL,LIB
NULL,SHS2005,02,법과공학,3,금 15:00~17:45 K201,하동철,18,,O,,,2008,FAL,LIB
NULL,SHS2006,01,기업과공학,3,월 15:00~17:45 MA206,주해식,52,,O,,,2008,FAL,LIB
NULL,SHS2006,02,기업과공학,3,"화,목 12:00~13:15 MA104",박경미,92,,O,,,2008,FAL,LIB
NULL,SHS2007,01,생활속의심리학,3,"월 12:00~13:15 D402 , 금 10:30~11:45",신난자,62,,,,,2008,FAL,LIB
NULL,SHS2007,02,생활속의심리학,3,"화,목 12:00~13:15 K403",김미랑,74,,,,,2008,FAL,LIB
NULL,SHS2007,03,생활속의심리학,3,"수,금 15:00~16:15 DB102",김민희,79,,,,,2008,FAL,LIB
NULL,SHU4002,01,북한의이해,3,"화,목 16:30~17:45 K501",안찬일,113,,,,,2008,FAL,LIB
NULL,SHU4005,01,정의와평화,3,"화,목 10:30~11:45 K501",박종대,53,,,,,2008,FAL,LIB
NULL,SHU4006,01,인권과정의,3,"수,금 13:30~14:45 X433",김녕,27,,,,,2008,FAL,LIB
NULL,SHU4011,01,아프리카전통사회의이해,3,수 15:00~17:45 K407,장용규,27,,,,,2008,FAL,LIB
NULL,SHU4015,01,사회복지의이해,3,"화,목 16:30~17:45 K403",김진욱,22,,,,,2008,FAL,LIB
NULL,SHU4022,01,청소년문화론,3,"화,목 15:00~16:15 DB101",정유성,62,,,,,2008,FAL,LIB
NULL,SHU4023,01,성의식과인간이해,3,"월 09:00~10:15 K302 , 수 10:30~11:45",김영희,112,,,,,2008,FAL,LIB
NULL,SHU4026,01,미디어공동체론,3,"월 15:00~16:15 GA404 , 수 16:30~17:45",조맹기,11,,,,,2008,FAL,LIB
NULL,SHU4029,01,광고로사회읽기,3,"화,목 16:30~17:45 D301",강혜경,47,,,,,2008,FAL,LIB
NULL,SHU4030,01,현대사회와자기계발,3,"월 13:30~14:45 , 금 12:00~13:15 DB101",전상진,73,,,,,2008,FAL,LIB
NULL,SHU4032,01,세계화와다문화사회,3,"수,금 13:30~14:45 D504",김우선,12,,,,,2008,FAL,LIB
NULL,STS2001,01,자연과인간,3,"수,금 15:00~16:15 RA406B",박영재,17,,,"자연과학부,공학부(불가)",,2008,FAL,LIB
NULL,STS2001,02,자연과인간,3,"월 09:00~10:15 R404 , 수 10:30~11:45",이덕환,31,,,"자연과학부,공학부(불가)",이공계수강불가,2008,FAL,LIB
NULL,STS2002,01,생명과환경,3,"월 13:30~14:45 , 금 12:00~13:15 RA308",이해진,11,,,"자연과학부,공학부(불가)",,2008,FAL,LIB
NULL,STS2002,02,생명과환경,3,"화,목 09:00~10:15 K209",김건수,18,,,"자연과학부,공학부(불가)",,2008,FAL,LIB
NULL,STS2002,03,생명과환경,3,"화,목 12:00~13:15 K307",박지창,79,,,"자연과학부,공학부(불가)",,2008,FAL,LIB
NULL,STS2002,04,생명과환경,3,"화,목 13:30~14:45 K307",박지창,47,,,"자연과학부,공학부(불가)",,2008,FAL,LIB
NULL,STS2002,05,생명과환경,3,"화,목 15:00~16:15 K309",정광환,28,,,"자연과학부,공학부(불가)",,2008,FAL,LIB
NULL,STS2002,06,생명과환경,3,"수,금 13:30~14:45 RA410",신성호,35,,,"자연과학부,공학부(불가)",,2008,FAL,LIB
NULL,STS2004,01,대학수학,3,"월 15:00~16:15 RA410 , 수 16:30~17:45",이문배,59,,,"자연과학부,공학부(불가)",,2008,FAL,LIB
NULL,STS2004,02,대학수학,3,"월 12:00~13:15 K212 , 금 10:30~11:45",신용주,53,,,"자연과학부,공학부(불가)",,2008,FAL,LIB
NULL,STS2004,03,대학수학,3,"수,금 09:00~10:15 K212",김길춘,56,,,"자연과학부,공학부(불가)",,2008,FAL,LIB
NULL,STS2004,04,대학수학,3,"화,목 12:00~13:15 RA308",하구용,55,,,"자연과학부,공학부(불가)",,2008,FAL,LIB
NULL,STS2004,05,대학수학,3,"화,목 15:00~16:15 RA308",이재권,55,,,"자연과학부,공학부(불가)",,2008,FAL,LIB
NULL,STS2004,06,대학수학,3,"수,금 13:30~14:45 K401",최윤영,80,,,"자연과학부,공학부(불가)",,2008,FAL,LIB
NULL,STS2004,07,대학수학,3,"화,목 16:30~17:45 K209",한상현,20,,,(불가),,2008,FAL,LIB
NULL,STS2006,01,미적분학II,3,"월 09:00~10:15 AS305 , 수 10:30~11:45",유지현,33,,O,,공학인증반,2008,FAL,LIB
NULL,STS2006,03,미적분학II,3,"월 10:30~11:45 K209 , 수 12:00~13:15",김종수,56,,,,공학비인증반,2008,FAL,LIB
NULL,STS2006,04,미적분학II,3,"월 13:30~14:45 , 금 12:00~13:15 RA406B",한상현,44,,O,,공학비인증반,2008,FAL,LIB
NULL,STS2006,06,미적분학II,3,"수,금 13:30~14:45 AS303",유지현,66,,O,,공학인증반,2008,FAL,LIB
NULL,STS2006,07,미적분학II,3,"화,목 16:30~17:45 RA410",하구용,23,,O,,공학인증반,2008,FAL,LIB
NULL,STS2006,08,미적분학II,3,"수,금 15:00~16:15 AS301",안소영,66,,O,,공학인증반,2008,FAL,LIB
NULL,STS2006,09,미적분학II,3,"월 12:00~13:15 , 금 10:30~11:45 RA406B",김현정,59,,O,,공학인증반,2008,FAL,LIB
NULL,STS2006,10,미적분학II,3,"수,금 09:00~10:15 K405",김지현,57,,O,,공학인증반,2008,FAL,LIB
NULL,STS2006,11,미적분학II,3,"화,목 10:30~11:45 AS303",김종수,62,,,,공학비인증반,2008,FAL,LIB
NULL,STS2006,12,미적분학II,3,"화,목 12:00~13:15 AS303",정민석,44,,,,공학비인증반,2008,FAL,LIB
NULL,STS2006,13,미적분학II,3,"화,목 09:00~10:15 RA408",정민석,45,,O,,공학인증반,2008,FAL,LIB
NULL,STS2006,14,미적분학II,3,"월 10:30~11:45 K212 , 수 12:00~13:15",김영경,60,,O,,공학인증반,2008,FAL,LIB
NULL,STS2006,15,미적분학II,3,"월 13:30~14:45 RA408 , 금 12:00~13:15",임경필,50,,O,,공학인증반,2008,FAL,LIB
NULL,STS2006,16,미적분학II,3,"화,목 13:30~14:45 RA408",신창언,58,,O,,공학인증반,2008,FAL,LIB
NULL,STS2007,01,포트란프로그래밍,3,"월 10:30~11:45 AS311 , 수 12:00~13:15",AlexanderBreitholz,24,O,O,,,2008,FAL,LIB
NULL,STS2008,01,C언어,3,"월 12:00~13:15 , 금 10:30~11:45 AS303",나용찬,43,,O,,,2008,FAL,LIB
NULL,STS2008,02,C언어,3,"월 09:00~10:15 , 수 10:30~11:45 AS414",차득현,53,,O,,,2008,FAL,LIB
NULL,STS2008,03,C언어,3,"화,목 12:00~13:15 AS301",한세영,69,,O,,,2008,FAL,LIB
NULL,STS2008,04,C언어,3,"화,목 15:00~16:15 AS301",임종석,46,,O,,,2008,FAL,LIB
NULL,STS2008,05,C언어,3,"월 12:00~13:15 , 금 10:30~11:45 AS412",박은석,42,,O,,,2008,FAL,LIB
NULL,STU4005,01,바다의이해,3,토 09:00~11:45 K303,이은일,81,,,,,2008,FAL,LIB
NULL,STU4006,01,자연재해와우리사회,3,목 12:00~14:45 K203,김현주,62,,,,,2008,FAL,LIB
NULL,STU4007,01,지구과학,3,화 15:00~17:45 K305,김현주,78,,,,,2008,FAL,LIB
NULL,STU4008,01,도서관정보검색법,2,수 15:00~16:50 AS111,한연숙,23,,,,,2008,FAL,LIB
NULL,STU4009,01,PC인터넷,1,월 12:00~13:50 AS111,선충녕,34,,,"자연과학부,공학부(불가)","(=구PC와인터넷)(06~08학번및자연과학부,공학부수강불가)",2008,FAL,LIB
NULL,STU4009,02,PC인터넷,1,월 15:00~16:50 AS111,강상구,32,,,"자연과학부,공학부(불가)","(=구PC와인터넷)(06~08학번및자연과학부,공학부수강불가)",2008,FAL,LIB
NULL,STU4009,03,PC인터넷,1,수 12:00~13:50 AS111,강상우,32,,,"자연과학부,공학부(불가)","(=구PC와인터넷)(06~08학번및자연과학부,공학부수강불가)",2008,FAL,LIB
NULL,STU4009,04,PC인터넷,1,수 15:00~16:50 AS109,장나은,31,,,"자연과학부,공학부(불가)","(=구PC와인터넷)(06~08학번및자연과학부,공학부수강불가)",2008,FAL,LIB
NULL,YUCG1115,01,청년기의갈등과자기이해,3,일 00:00~00:00,,2,,,,,2008,FAL,LIB
